time,h_pos_x,h_pos_y,h_pos_z,h_rot_x,h_rot_y,h_rot_z,h_rot_w,l_pos_x,l_pos_y,l_pos_z,l_rot_x,l_rot_y,l_rot_z,l_rot_w,r_pos_x,r_pos_y,r_pos_z,r_rot_x,r_rot_y,r_rot_z,r_rot_w,pose_idle,pose_looking_up,pose_looking_down,pose_looking_left,pose_looking_right,pose_head_tilt_left,pose_head_tilt_right,pose_nodding,pose_shaking_no,pose_tilting_side,Cybersickness,Comments
4,-0.010271,1.23157,0.002201,-0.17755,0.024004,-0.012035,0.983746,0,0,0,0,0,0,0,0.097005,0.87524,0.418182,-0.10099,0.04295,0.213232,0.970818,1,0,0,0,0,0,0,0,0,0,0,Start
5,-0.015142,1.228616,0.003968,-0.167446,0.009228,-0.001596,0.985837,0,0,0,0,0,0,0,0.096766,0.87491,0.418505,-0.099314,0.041533,0.215008,0.970661,1,0,0,0,0,0,0,0,0,0,0,Start
6,-0.016652,1.223903,0.004248,-0.135076,0.002163,0.005215,0.990819,0,0,0,0,0,0,0,0.098844,0.876135,0.418848,-0.09613,0.049603,0.20642,0.972466,1,0,0,0,0,0,0,0,0,0,0,Start
7,-0.013291,1.219588,0.010627,-0.112704,0.016109,0.000987,0.993498,0,0,0,0,0,0,0,0.075461,0.959873,0.343947,-0.118719,0.07996,0.102266,0.984405,1,0,0,0,0,0,0,0,0,0,0,Start
8,-0.018374,1.210136,0.020063,-0.068998,-0.001821,0.004892,0.997603,0,0,0,0,0,0,0,0.053865,0.939246,0.325876,-0.079325,0.021441,0.079853,0.993414,0,0,0,0,0,0,0,1,0,0,0,Start
9,-0.004235,1.220993,-0.010409,-0.121062,-0.015988,0.006122,0.992497,0,0,0,0,0,0,0,0.060944,0.9545,0.300025,-0.14689,0.016031,0.109317,0.982963,0,0,0,0,0,0,0,1,0,0,0,Start
10,0.002837,1.228067,-0.019827,-0.161628,-0.002642,-0.009272,0.986805,0,0,0,0,0,0,0,0.068846,0.954186,0.303199,-0.144212,0.031678,0.094516,0.984513,0,0,0,0,0,0,0,1,0,0,0,Start
11,0.0127,1.222377,-0.011279,-0.134852,0.075008,0.031629,0.987516,0,0,0,0,0,0,0,0.086666,0.881136,0.398472,-0.055392,0.009496,0.07534,0.995573,0,0,0,0,0,0,0,1,0,0,0,
12,0.007059,1.226262,-0.017491,-0.155708,0.084969,0.04303,0.983201,0,0,0,0,0,0,0,0.076952,0.879111,0.393655,-0.07155,0.014293,0.135317,0.988112,0,0,0,0,0,0,0,1,0,0,0,
13,-0.017252,1.21887,-0.007505,-0.117628,0.007516,0.060027,0.991213,0,0,0,0,0,0,0,0.075692,0.878145,0.393499,-0.073838,0.017623,0.143832,0.986686,1,0,0,0,0,0,0,0,0,0,0,
14,-0.007966,1.21332,-0.000429,-0.083644,0.026311,0.040438,0.995327,0,0,0,0,0,0,0,0.076642,0.877073,0.394902,-0.07563,0.02004,0.144671,0.986382,0,0,0,0,0,0,0,1,0,0,0,
15,-0.013967,1.218688,-0.005816,-0.111086,0.015422,0.050991,0.992382,0,0,0,0,0,0,0,0.075714,0.876415,0.394566,-0.076444,0.019526,0.150204,0.985502,0,0,0,0,0,0,0,1,0,0,0,
16,-0.006973,1.211738,0.002071,-0.082867,0.048368,0.058115,0.993688,0,0,0,0,0,0,0,0.075302,0.876604,0.394528,-0.076152,0.021134,0.152093,0.985202,0,0,0,0,0,0,0,1,0,0,0,
17,-0.005729,1.212661,0.001887,-0.086636,0.059876,0.065718,0.992265,0,0,0,0,0,0,0,0.075351,0.876613,0.394125,-0.075272,0.021982,0.153202,0.985079,0,0,0,0,0,0,0,1,0,0,0,
18,-0.011427,1.225499,-0.018595,-0.17029,0.030616,0.04224,0.984012,0,0,0,0,0,0,0,0.077984,0.875946,0.403484,-0.028288,0.007807,0.141193,0.989547,0,0,0,0,0,0,0,1,0,0,0,
19,-0.007172,1.221673,-0.014681,-0.140627,0.032051,0.044162,0.988558,0,0,0,0,0,0,0,0.074048,0.875107,0.394681,-0.072656,0.028226,0.172383,0.981941,0,0,0,0,0,0,0,1,0,0,0,
20,-0.006119,1.223469,-0.018756,-0.14965,0.031803,0.041208,0.987368,0,0,0,0,0,0,0,0.07383,0.875082,0.394722,-0.073713,0.030522,0.174176,0.981477,1,0,0,0,0,0,0,0,0,0,0,
21,-0.00824,1.222282,-0.017088,-0.146977,0.025219,0.043108,0.987878,0,0,0,0,0,0,0,0.07385,0.8751,0.394739,-0.073498,0.031474,0.174486,0.981408,1,0,0,0,0,0,0,0,0,0,0,
22,-0.009311,1.223626,-0.014514,-0.155907,0.019464,0.046302,0.986494,0,0,0,0,0,0,0,0.074413,0.875189,0.394723,-0.07433,0.03197,0.171418,0.98187,0,1,0,0,0,0,0,0,0,0,0,
23,-0.021902,1.217852,-0.005124,-0.125494,-0.016196,0.036288,0.991298,0,0,0,0,0,0,0,0.069195,0.98639,0.303325,-0.135289,-0.095161,0.242557,0.955933,1,0,0,0,0,0,0,0,0,0,0,
24,-0.026078,1.207608,0.00587,-0.082804,-0.030767,0.040878,0.995252,0,0,0,0,0,0,0,0.08335,0.954857,0.338999,0.112764,-0.138834,-0.34949,0.91971,0,0,0,0,0,0,0,1,0,0,0,
25,-0.024078,1.214666,0.002175,-0.11748,-0.016943,0.019592,0.992737,-0.094459,0.836742,0.399561,0.010616,0.095175,-0.46074,0.882354,0.06281,0.877698,0.386045,0.006566,-0.001896,0.067649,0.997686,0,0,0,0,0,0,0,1,0,0,0,
26,-0.005283,1.215603,0.00076,-0.126686,0.023062,0.008064,0.991642,-0.101139,0.867738,0.406096,0.083109,0.028033,-0.01514,0.996031,0.063787,0.879847,0.381973,-0.004556,0.005399,0.055752,0.99842,0,0,0,0,0,0,0,1,0,0,0,
27,-0.016806,1.212214,-0.000141,-0.115486,0.012231,0.043334,0.992288,-0.080747,1.019649,0.242171,-0.308237,-0.10995,-0.236894,0.914758,0.154776,0.973539,0.255402,0.030543,0.240976,-0.511642,0.824148,0,0,0,0,0,0,0,1,0,0,0,
28,-0.008322,1.21749,-0.004352,-0.146585,0.103544,0.083397,0.980223,-0.096856,0.88341,0.388031,-0.097635,-0.007398,-0.117515,0.988232,0.056939,0.880012,0.400492,-0.103695,0.051098,0.110637,0.987115,0,0,0,0,0,0,0,1,0,0,0,
29,-0.013634,1.210743,0.001788,-0.099831,0.048566,0.060175,0.991995,-0.111752,0.882817,0.395675,-0.065441,-0.034835,-0.034976,0.996635,0.046524,0.878296,0.398253,-0.080447,0.039881,0.165712,0.982078,0,0,0,0,0,0,0,1,0,0,0,
30,-0.01355,1.214978,0.001061,-0.123208,0.054238,0.058487,0.98917,-0.110594,0.882097,0.395543,-0.068387,-0.037265,-0.04073,0.99613,0.046877,0.876118,0.399847,-0.081405,0.043641,0.169294,0.981228,0,0,0,0,0,0,0,1,0,0,0,
31,-0.016664,1.215922,-0.000732,-0.130779,0.052484,0.069812,0.987557,-0.110231,0.882495,0.394836,-0.068933,-0.037812,-0.041479,0.996041,0.046424,0.875619,0.40003,-0.080817,0.043476,0.173218,0.980599,0,0,0,0,0,0,0,1,0,0,0,
32,-0.008159,1.21419,0.001605,-0.114032,0.103929,0.081009,0.9847,-0.110203,0.882465,0.394371,-0.068282,-0.036574,-0.043028,0.996067,0.045519,0.875419,0.3999,-0.078432,0.041961,0.175461,0.98046,0,0,0,0,0,0,0,1,0,0,0,
33,-0.02463,1.215789,-0.001836,-0.124456,0.025461,0.063828,0.989843,-0.110217,0.882731,0.39398,-0.06975,-0.037974,-0.043074,0.99591,0.045787,0.875372,0.40008,-0.078498,0.042989,0.176281,0.980263,0,0,0,0,0,0,0,1,0,0,0,
34,-0.025562,1.222648,-0.007334,-0.151885,0.023445,0.060597,0.98626,-0.109826,0.882799,0.393473,-0.071283,-0.038741,-0.043775,0.995742,0.046426,0.875581,0.39961,-0.080101,0.043098,0.173088,0.980697,0,0,0,0,0,0,0,1,0,0,0,
35,-0.013999,1.233775,-0.039553,-0.199644,0.018533,0.028332,0.979284,-0.109842,0.883165,0.39283,-0.070718,-0.047691,-0.050596,0.99507,0.054764,1.03224,0.206807,-0.108511,0.024883,0.005556,0.993768,0,0,0,0,0,0,0,1,0,0,0,
36,-0.013863,1.233522,-0.036452,-0.202942,0.023511,0.031764,0.978393,-0.10967,0.883275,0.392689,-0.072262,-0.04608,-0.051586,0.994984,0.053041,1.042666,0.199878,-0.128954,0.057824,0.012203,0.989888,1,0,0,0,0,0,0,0,0,0,0,
37,-0.021679,1.220541,-0.019886,-0.139981,-0.004726,0.039825,0.989342,-0.105483,0.879725,0.400041,-0.064108,-0.063853,-0.08193,0.992522,0.031009,0.878325,0.393296,-0.097308,0.008149,0.173585,0.979966,1,0,0,0,0,0,0,0,0,0,0,
38,-0.055257,1.217149,-0.033725,-0.156535,-0.16712,0.079841,0.970151,-0.103872,0.880499,0.396102,-0.07626,-0.066843,-0.091435,0.990634,0.032302,0.876629,0.393694,-0.087253,0.011264,0.174793,0.980667,0,1,0,0,0,0,0,0,0,0,0,
39,-0.039665,1.212677,-0.022179,-0.12006,-0.039141,0.039327,0.991215,-0.106144,0.880882,0.395456,-0.074421,-0.063878,-0.083277,0.991689,0.030075,0.876856,0.39444,-0.078954,0.012357,0.173917,0.981512,1,0,0,0,0,0,0,0,0,0,0,
40,-0.016487,1.205693,-0.00774,-0.075956,0.017812,0.0109,0.996893,-0.1048,0.882616,0.394793,-0.07322,-0.064612,-0.087344,0.991381,0.031589,0.875601,0.3971,-0.079327,0.0222,0.174625,0.981183,1,0,0,0,0,0,0,0,0,0,0,
41,-0.020564,1.213408,-0.014775,-0.116385,0.006848,0.019147,0.992996,-0.105407,0.88181,0.395042,-0.073638,-0.064066,-0.08665,0.991446,0.031595,0.874547,0.397875,-0.080275,0.023095,0.175544,0.980921,1,0,0,0,0,0,0,0,0,0,0,
42,-0.006993,1.220032,-0.012902,-0.145811,0.059649,0.014606,0.987405,-0.105445,0.880622,0.395811,-0.074133,-0.064468,-0.087559,0.991303,0.031769,0.874699,0.397449,-0.080861,0.024312,0.175049,0.980932,1,0,0,0,0,0,0,0,0,0,0,
43,-0.009308,1.220932,-0.014878,-0.150146,0.076561,0.04233,0.984786,-0.105152,0.881011,0.395259,-0.074261,-0.062974,-0.087751,0.991373,0.031462,0.874995,0.397024,-0.080287,0.024327,0.177585,0.980523,1,0,0,0,0,0,0,0,0,0,0,
44,-0.02144,1.219929,-0.013024,-0.146504,0.047273,0.066013,0.985872,-0.105739,0.88139,0.394874,-0.075458,-0.063803,-0.086189,0.991366,0.031445,0.875362,0.396564,-0.081184,0.026094,0.177212,0.980472,0,1,0,0,0,0,0,0,0,0,0,
45,-0.026257,1.209452,-0.001382,-0.096536,0.020646,0.065507,0.992957,-0.105857,0.881057,0.395265,-0.075818,-0.063941,-0.085409,0.991397,0.031611,0.875448,0.39633,-0.082075,0.026906,0.176849,0.980441,0,0,0,0,0,0,0,1,0,0,0,
46,-0.026461,1.212397,-0.003624,-0.10726,0.020177,0.066579,0.991794,-0.105848,0.880969,0.395182,-0.076276,-0.064083,-0.087368,0.991182,0.031426,0.874985,0.397127,-0.082075,0.026967,0.178097,0.980213,0,0,0,0,0,0,0,1,0,0,0,
47,-0.025491,1.217479,-0.008153,-0.130385,0.024522,0.061687,0.989239,-0.105534,0.881252,0.394783,-0.076431,-0.064846,-0.087717,0.99109,0.031471,0.875026,0.396664,-0.082383,0.02752,0.178019,0.980186,1,0,0,0,0,0,0,0,0,0,0,
48,-0.01729,1.215823,-0.008168,-0.12382,0.065721,0.065779,0.987938,-0.105451,0.881201,0.394419,-0.076653,-0.06545,-0.087868,0.99102,0.031607,0.875116,0.396309,-0.082229,0.027962,0.178067,0.980178,0,0,0,0,0,0,0,1,0,0,0,
49,-0.022701,1.216253,-0.008289,-0.127328,0.043404,0.066873,0.988651,-0.105545,0.881478,0.394466,-0.076636,-0.065743,-0.088145,0.990977,0.031247,0.87516,0.396257,-0.082073,0.028078,0.178813,0.980052,0,0,0,0,0,0,0,1,0,0,0,
50,-0.030399,1.220532,-0.014714,-0.15102,0.017046,0.073575,0.985642,-0.105156,0.881014,0.394523,-0.076167,-0.06533,-0.089151,0.99095,0.031121,0.876035,0.395272,-0.081347,0.027087,0.18107,0.979726,0,0,0,0,0,0,0,1,0,0,0,
51,-0.030167,1.217275,-0.011426,-0.139086,0.017513,0.075672,0.98723,-0.105216,0.881027,0.394733,-0.076801,-0.066066,-0.088198,0.990938,0.031591,0.876167,0.395476,-0.081714,0.028293,0.180366,0.979791,0,0,0,0,0,0,0,1,0,0,0,
52,-0.031153,1.21723,-0.010916,-0.137497,0.015938,0.076973,0.987378,-0.10554,0.881211,0.394321,-0.077103,-0.066638,-0.088083,0.990886,0.031037,0.876943,0.394209,-0.08177,0.028374,0.181017,0.979664,1,0,0,0,0,0,0,0,0,0,0,
53,-0.032527,1.218448,-0.011928,-0.142858,0.011155,0.07606,0.986753,-0.105171,0.881306,0.394859,-0.076158,-0.066141,-0.089021,0.990909,0.030636,0.877147,0.394248,-0.081209,0.027773,0.182376,0.979476,1,0,0,0,0,0,0,0,0,0,0,
54,-0.034666,1.218168,-0.01169,-0.143805,-0.002146,0.071945,0.986985,-0.105172,0.880995,0.394717,-0.076214,-0.06641,-0.0895,0.990844,0.031212,0.875443,0.395957,-0.08122,0.028181,0.182145,0.979506,0,1,0,0,0,0,0,0,0,0,0,
55,-0.035196,1.216945,-0.010043,-0.138941,-0.003008,0.073519,0.987563,-0.10521,0.881133,0.394512,-0.077038,-0.067231,-0.08882,0.990786,0.031474,0.874545,0.397025,-0.08164,0.028825,0.182038,0.979472,0,1,0,0,0,0,0,0,0,0,0,
56,-0.03614,1.215995,-0.009128,-0.13419,-0.004968,0.074111,0.988168,-0.105226,0.881232,0.394282,-0.077203,-0.067078,-0.089081,0.99076,0.03132,0.874455,0.396726,-0.081745,0.029013,0.182471,0.979377,0,1,0,0,0,0,0,0,0,0,0,
57,-0.03339,1.218084,-0.010972,-0.140345,-9.10E-05,0.069132,0.987686,-0.104867,0.881183,0.394515,-0.076239,-0.066442,-0.090938,0.990709,0.030952,0.874761,0.397068,-0.080537,0.028195,0.18348,0.979313,0,1,0,0,0,0,0,0,0,0,0,
58,-0.031357,1.216588,-0.009721,-0.134027,0.005799,0.064896,0.988834,-0.104952,0.881106,0.39462,-0.075972,-0.066688,-0.090379,0.990764,0.03113,0.874722,0.396819,-0.080014,0.028557,0.183294,0.97938,0,1,0,0,0,0,0,0,0,0,0,
59,-0.022765,1.220247,-0.01051,-0.149187,0.057521,0.073537,0.984392,-0.105184,0.881169,0.394601,-0.076903,-0.067247,-0.089475,0.990736,0.031191,0.875479,0.396002,-0.080414,0.029708,0.183184,0.979334,0,1,0,0,0,0,0,0,0,0,0,
60,-0.02994,1.21636,-0.009664,-0.132357,0.028012,0.074622,0.987992,-0.105122,0.881004,0.39431,-0.076027,-0.066574,-0.090089,0.990794,0.030346,0.874757,0.396063,-0.079466,0.028327,0.18607,0.978908,0,1,0,0,0,0,0,0,0,0,0,
61,-0.02745,1.206824,-0.000988,-0.084828,0.025226,0.067066,0.993816,-0.105175,0.88147,0.394806,-0.076157,-0.067612,-0.08973,0.990746,0.031148,0.874966,0.396996,-0.079952,0.030042,0.183492,0.979304,0,0,0,0,0,0,0,1,0,0,0,
62,-0.026972,1.209207,-0.001645,-0.096649,0.028255,0.068032,0.992589,-0.105642,0.881358,0.395044,-0.076163,-0.067795,-0.08974,0.990732,0.030823,0.874911,0.397096,-0.079495,0.030215,0.183271,0.979377,0,0,0,0,0,0,0,1,0,0,0,
63,-0.025743,1.211217,-0.004633,-0.105664,0.034614,0.072869,0.991124,-0.104712,0.880954,0.394885,-0.075057,-0.066748,-0.091029,0.99077,0.03084,0.874295,0.39744,-0.078044,0.028928,0.185869,0.979043,1,0,0,0,0,0,0,0,0,0,0,
64,-0.026139,1.210097,-0.003966,-0.102254,0.037791,0.074001,0.991282,-0.104925,0.881425,0.394277,-0.076172,-0.067616,-0.089843,0.990734,0.030965,0.874257,0.397262,-0.078469,0.030438,0.185028,0.979123,0,0,0,0,0,0,0,1,0,0,0,
65,-0.028465,1.210858,-0.003518,-0.105422,0.027825,0.073399,0.991325,-0.105343,0.881257,0.394803,-0.076396,-0.068101,-0.089791,0.990688,0.03081,0.874875,0.396908,-0.07878,0.031004,0.184668,0.979148,0,0,0,0,0,0,0,1,0,0,0,
66,-0.029411,1.211213,-0.004361,-0.109422,0.025614,0.075027,0.990829,-0.105278,0.881107,0.39513,-0.076451,-0.068216,-0.08972,0.990683,0.030825,0.875069,0.396823,-0.078614,0.031273,0.184623,0.979161,1,0,0,0,0,0,0,0,0,0,0,
67,-0.029278,1.212123,-0.006189,-0.111291,0.025149,0.075091,0.990628,-0.104863,0.881048,0.394506,-0.075054,-0.066914,-0.091775,0.99069,0.030482,0.874329,0.397024,-0.077177,0.029605,0.186806,0.978913,1,0,0,0,0,0,0,0,0,0,0,
68,-0.029453,1.211474,-0.004784,-0.110172,0.023842,0.075101,0.990784,-0.10498,0.881255,0.394404,-0.076003,-0.067988,-0.090844,0.99063,0.030629,0.874503,0.396913,-0.078019,0.031233,0.185612,0.979023,1,0,0,0,0,0,0,0,0,0,0,
69,-0.030485,1.211326,-0.004799,-0.110891,0.022203,0.076194,0.990659,-0.105151,0.88119,0.394494,-0.076204,-0.068099,-0.090552,0.990634,0.030706,0.87512,0.396314,-0.077956,0.031842,0.185404,0.979048,1,0,0,0,0,0,0,0,0,0,0,
70,-0.030761,1.211115,-0.004896,-0.110016,0.020734,0.075492,0.990842,-0.105285,0.881151,0.394257,-0.07619,-0.068238,-0.090468,0.990633,0.030549,0.87484,0.396165,-0.077912,0.032041,0.185531,0.979021,1,0,0,0,0,0,0,0,0,0,0,
71,-0.030528,1.211285,-0.005381,-0.108329,0.020006,0.074538,0.991115,-0.104741,0.881155,0.394089,-0.075189,-0.067238,-0.092372,0.990602,0.030357,0.874739,0.396549,-0.076971,0.030769,0.187331,0.978793,0,0,0,0,0,0,0,1,0,0,0,
72,-0.030891,1.209833,-0.003476,-0.10371,0.018367,0.074592,0.991636,-0.104833,0.881405,0.39402,-0.076395,-0.068384,-0.091135,0.990546,0.030719,0.87433,0.397011,-0.077645,0.032432,0.186802,0.978787,0,0,0,0,0,0,0,1,0,0,0,
73,-0.028418,1.21378,-0.002457,-0.11157,0.026426,0.067254,0.991126,-0.104992,0.881334,0.394164,-0.076448,-0.068625,-0.091118,0.990527,0.030832,0.87478,0.39669,-0.077784,0.032937,0.186166,0.978881,0,0,0,0,0,0,0,1,0,0,0,
74,-0.026288,1.215713,-0.000681,-0.123874,0.047077,0.077553,0.988142,-0.104556,0.881068,0.394421,-0.07475,-0.066078,-0.092637,0.990689,0.029651,0.875601,0.395777,-0.074941,0.030224,0.190914,0.978275,1,0,0,0,0,0,0,0,0,0,0,
75,-0.031773,1.214418,0.000928,-0.123002,0.035953,0.086194,0.988002,-0.104977,0.881558,0.394293,-0.077488,-0.06787,-0.090899,0.990519,0.029985,0.874946,0.396634,-0.076312,0.032359,0.190052,0.978269,0,0,0,0,0,0,0,1,0,0,0,
76,-0.036744,1.210725,0.003472,-0.110354,0.013439,0.084793,0.990178,-0.105127,0.881343,0.393867,-0.078006,-0.068624,-0.090282,0.990482,0.030096,0.876155,0.39475,-0.076714,0.033426,0.189451,0.978318,0,0,0,0,0,0,0,1,0,0,0,
77,-0.031396,1.209284,0.004404,-0.100519,0.02164,0.073802,0.991958,-0.104383,0.881228,0.394217,-0.075418,-0.066606,-0.092703,0.990597,0.030132,0.87457,0.396712,-0.075008,0.031435,0.190158,0.978379,0,0,0,0,0,0,0,1,0,0,0,
78,-0.029179,1.21045,0.001027,-0.106524,0.03556,0.073634,0.990942,-0.104204,0.881722,0.394176,-0.076446,-0.067736,-0.092379,0.990472,0.030123,0.874802,0.396837,-0.076137,0.032957,0.190691,0.978138,1,0,0,0,0,0,0,0,0,0,0,
79,-0.027823,1.207666,0.001178,-0.093604,0.044315,0.078266,0.991539,-0.104611,0.881673,0.393821,-0.076341,-0.067767,-0.091536,0.990556,0.030291,0.874453,0.396803,-0.07602,0.033539,0.190256,0.978212,0,0,0,0,0,0,0,1,0,0,0,
80,-0.028946,1.208336,-0.000587,-0.09455,0.040205,0.077146,0.991712,-0.104949,0.881593,0.393971,-0.07578,-0.069026,-0.09212,0.990458,0.030171,0.874386,0.396932,-0.076862,0.034425,0.190022,0.978161,0,0,0,0,0,0,0,1,0,0,0,
81,-0.031235,1.210222,-0.004461,-0.10357,0.029531,0.074709,0.991373,-0.105119,0.881448,0.394013,-0.076558,-0.070384,-0.093079,0.990213,0.029934,0.874637,0.396878,-0.077082,0.034767,0.190625,0.978014,1,0,0,0,0,0,0,0,0,0,0,
82,-0.032938,1.208112,-0.003533,-0.094486,0.013164,0.067339,0.993159,-0.105113,0.881306,0.39386,-0.076225,-0.07074,-0.093271,0.990195,0.030339,0.87428,0.396853,-0.076393,0.035303,0.189099,0.978345,1,0,0,0,0,0,0,0,0,0,0,
83,-0.031953,1.208135,-0.00242,-0.092482,0.01198,0.065449,0.993489,-0.104547,0.881512,0.394198,-0.075011,-0.070027,-0.094987,0.990175,0.030351,0.874522,0.397403,-0.075651,0.034767,0.189822,0.978282,1,0,0,0,0,0,0,0,0,0,0,
84,-0.031647,1.213403,-0.002909,-0.112621,0.014054,0.057421,0.991878,-0.104375,0.881429,0.394406,-0.075288,-0.070838,-0.094092,0.990182,0.030697,0.874453,0.397438,-0.076442,0.035614,0.189386,0.978275,1,0,0,0,0,0,0,0,0,0,0,
85,-0.029112,1.214223,-0.004828,-0.128006,0.017336,0.047528,0.990482,-0.104479,0.881187,0.394306,-0.075733,-0.070954,-0.094378,0.990113,0.030733,0.874475,0.396961,-0.07642,0.036503,0.189558,0.97821,1,0,0,0,0,0,0,0,0,0,0,
86,-0.03014,1.209978,-0.003051,-0.10825,0.01413,0.050717,0.992729,-0.10487,0.88109,0.39407,-0.075566,-0.070977,-0.094646,0.990098,0.030419,0.87433,0.396789,-0.07623,0.036661,0.189561,0.978219,1,0,0,0,0,0,0,0,0,0,0,
87,-0.032376,1.205997,-0.000337,-0.085946,0.006466,0.056438,0.994679,-0.104309,0.881444,0.39415,-0.074819,-0.070226,-0.095532,0.990123,0.030281,0.874458,0.396776,-0.075697,0.036052,0.19092,0.978018,0,0,0,0,0,0,0,1,0,0,0,
88,-0.03088,1.206221,-3.20E-05,-0.087464,0.007297,0.054496,0.994649,-0.104262,0.881463,0.394302,-0.074772,-0.070421,-0.096221,0.990046,0.030093,0.87451,0.397061,-0.074903,0.036065,0.190807,0.978101,0,0,0,0,0,0,0,1,0,0,0,
89,-0.027386,1.207386,-0.00054,-0.091415,0.020285,0.054309,0.994124,-0.104159,0.881464,0.393998,-0.075854,-0.071451,-0.096439,0.989869,0.030699,0.874553,0.39695,-0.07581,0.037285,0.190112,0.978121,0,0,0,0,0,0,0,1,0,0,0,
90,-0.025734,1.206564,-0.00043,-0.09,0.030055,0.057164,0.993846,-0.104005,0.881256,0.393994,-0.076693,-0.071524,-0.097192,0.989725,0.030667,0.874553,0.396905,-0.075455,0.037421,0.190099,0.978146,0,0,0,0,0,0,0,1,0,0,0,
91,-0.027997,1.207443,-0.001496,-0.091635,0.029363,0.061904,0.993433,-0.104108,0.881386,0.394119,-0.076109,-0.071117,-0.097087,0.98981,0.030242,0.874528,0.397035,-0.074827,0.03701,0.191771,0.977883,0,0,0,0,0,0,0,1,0,0,0,
92,-0.028748,1.205134,3.20E-05,-0.082811,0.02296,0.06149,0.994401,-0.104298,0.880993,0.394223,-0.075302,-0.070632,-0.098071,0.98981,0.029708,0.874385,0.396918,-0.074138,0.036576,0.192141,0.977879,0,0,0,0,0,0,0,1,0,0,0,
93,-0.028811,1.205869,0.000132,-0.08321,0.022745,0.062819,0.99429,-0.104565,0.881334,0.393978,-0.076409,-0.071776,-0.096988,0.989749,0.030152,0.874688,0.396629,-0.075236,0.03821,0.19094,0.977968,0,0,0,0,0,0,0,1,0,0,0,
94,-0.028911,1.206098,0.000364,-0.084786,0.022806,0.064066,0.994076,-0.104319,0.88172,0.393988,-0.076402,-0.072033,-0.096796,0.98975,0.030344,0.87477,0.397075,-0.074992,0.038323,0.191211,0.977929,1,0,0,0,0,0,0,0,0,0,0,
95,-0.026206,1.20641,-0.000945,-0.085498,0.039778,0.071612,0.992965,-0.10393,0.881463,0.394137,-0.075467,-0.070941,-0.098146,0.989767,0.029994,0.874477,0.397114,-0.073368,0.036858,0.19392,0.977575,1,0,0,0,0,0,0,0,0,0,0,
96,-0.028737,1.204793,0.000277,-0.081125,0.031698,0.073343,0.993496,-0.104525,0.881592,0.393434,-0.076704,-0.072214,-0.096811,0.989712,0.030054,0.874472,0.39662,-0.074387,0.038371,0.192326,0.977755,1,0,0,0,0,0,0,0,0,0,0,
97,-0.031003,1.205805,0.000635,-0.084091,0.023519,0.073123,0.993493,-0.104441,0.882144,0.393566,-0.076813,-0.072662,-0.09648,0.989703,0.030096,0.874886,0.396765,-0.074101,0.038609,0.192181,0.977796,1,0,0,0,0,0,0,0,0,0,0,
98,-0.030991,1.206138,-0.000332,-0.084991,0.022632,0.072493,0.993483,-0.104296,0.881626,0.393862,-0.07601,-0.07188,-0.097886,0.989684,0.02976,0.874489,0.397037,-0.073327,0.037846,0.193266,0.97767,1,0,0,0,0,0,0,0,0,0,0,
99,-0.030682,1.205427,0.000295,-0.083935,0.02282,0.072099,0.993598,-0.104149,0.881829,0.393678,-0.076345,-0.072467,-0.097194,0.989683,0.030035,0.874497,0.397051,-0.073601,0.038781,0.193016,0.977662,1,0,0,0,0,0,0,0,0,0,0,
100,-0.032056,1.230359,-0.011172,-0.215403,0.007366,0.044749,0.975472,-0.104285,0.881555,0.39265,-0.077879,-0.073032,-0.097958,0.989447,0.030246,0.874582,0.396126,-0.074875,0.039715,0.192363,0.977657,1,0,0,0,0,0,0,0,0,0,0,
101,-0.089913,1.217541,-0.0283,-0.150963,-0.337114,-0.033394,0.928682,-0.103572,0.881984,0.392706,-0.07747,-0.07179,-0.095968,0.989765,0.030734,0.875709,0.395146,-0.072216,0.039627,0.194049,0.977527,1,0,0,0,0,0,0,0,0,0,0,
102,0.006472,1.200124,0.025567,-0.084442,-0.115235,-0.275201,0.950713,-0.103512,0.880171,0.394728,-0.069272,-0.067151,-0.101529,0.990144,0.030048,0.875952,0.395312,-0.071345,0.044232,0.193613,0.97748,1,0,0,0,0,0,0,0,0,0,0,
103,0.002544,1.202007,0.0247,-0.088599,-0.107245,-0.217303,0.966141,-0.103127,0.878985,0.395512,-0.070742,-0.068915,-0.105067,0.989549,0.030539,0.876859,0.394688,-0.072133,0.044075,0.189032,0.978326,1,0,0,0,0,0,0,0,0,0,0,
104,-0.019339,1.246457,-0.057624,-0.3525,0.021342,-0.011458,0.935498,-0.103972,0.878681,0.393349,-0.076127,-0.071498,-0.102905,0.989193,0.029286,0.877801,0.39189,-0.070795,0.043737,0.19328,0.977608,1,0,0,0,0,0,0,0,0,0,0,
105,-0.003748,1.242076,-0.049312,-0.318493,0.060314,-0.039821,0.945166,-0.103404,0.878772,0.393552,-0.075286,-0.070882,-0.109379,0.988607,0.029362,0.878789,0.391262,-0.071575,0.044109,0.191524,0.97788,1,0,0,0,0,0,0,0,0,0,0,
106,-0.025717,1.245864,-0.056844,-0.342988,0.054759,0.065333,0.935463,-0.103444,0.879469,0.392909,-0.076675,-0.072076,-0.105655,0.988819,0.029404,0.878902,0.390921,-0.071494,0.044438,0.194295,0.977325,0,1,0,0,0,0,0,0,0,0,0,
107,-0.041754,1.24344,-0.057167,-0.340101,0.033106,0.095777,0.934913,-0.104285,0.880583,0.392278,-0.078481,-0.072708,-0.100572,0.989161,0.027987,0.877477,0.391776,-0.070813,0.043353,0.201225,0.97602,0,1,0,0,0,0,0,0,0,0,0,
108,-0.027665,1.21853,-0.018027,-0.163309,0.032811,0.04834,0.984844,-0.104246,0.880842,0.39407,-0.077102,-0.072636,-0.102819,0.989044,0.028813,0.877071,0.394505,-0.070465,0.0442,0.195248,0.97722,0,1,0,0,0,0,0,0,0,0,0,
109,-0.030441,1.224545,-0.027088,-0.201837,0.03479,0.058212,0.977069,-0.103952,0.880176,0.393762,-0.076478,-0.071598,-0.103314,0.989116,0.02865,0.876005,0.394361,-0.068773,0.042733,0.197576,0.976938,0,1,0,0,0,0,0,0,0,0,0,
110,-0.032451,1.223451,-0.026971,-0.200975,0.04613,0.081295,0.975127,-0.104472,0.880436,0.393642,-0.077815,-0.073156,-0.100576,0.98918,0.029035,0.874204,0.396161,-0.069809,0.044198,0.197311,0.976853,0,1,0,0,0,0,0,0,0,0,0,
111,-0.026014,1.221411,-0.019631,-0.179709,0.078172,0.08144,0.977221,-0.105077,0.880781,0.393462,-0.077599,-0.072961,-0.100395,0.98923,0.028702,0.873758,0.396808,-0.069576,0.044221,0.196975,0.976936,0,1,0,0,0,0,0,0,0,0,0,
112,-0.031258,1.223901,-0.023486,-0.196592,0.05651,0.081694,0.975441,-0.105033,0.880569,0.393673,-0.077143,-0.072824,-0.10132,0.989182,0.028324,0.873752,0.396709,-0.068874,0.043378,0.198618,0.976691,0,1,0,0,0,0,0,0,0,0,0,
113,-0.036156,1.223149,-0.022016,-0.193765,0.023384,0.070707,0.978217,-0.104774,0.880269,0.393951,-0.077593,-0.073291,-0.100918,0.989153,0.028698,0.874959,0.395533,-0.069342,0.044452,0.197395,0.976858,0,1,0,0,0,0,0,0,0,0,0,
114,-0.035225,1.220997,-0.020013,-0.182462,0.025976,0.072305,0.980206,-0.104597,0.880415,0.393557,-0.077419,-0.073098,-0.101131,0.989159,0.028564,0.87636,0.393856,-0.068919,0.044434,0.198174,0.976731,0,1,0,0,0,0,0,0,0,0,0,
115,-0.035153,1.220871,-0.018647,-0.179455,0.025836,0.0725,0.980751,-0.104764,0.880693,0.39366,-0.076903,-0.072861,-0.101633,0.989165,0.028455,0.87604,0.394696,-0.068286,0.044233,0.198529,0.976712,1,0,0,0,0,0,0,0,0,0,0,
116,-0.035775,1.221274,-0.018559,-0.18107,0.024791,0.072344,0.980492,-0.10498,0.880478,0.393765,-0.077483,-0.073497,-0.100979,0.98914,0.028639,0.874434,0.39613,-0.069464,0.045385,0.198425,0.976597,1,0,0,0,0,0,0,0,0,0,0,
117,-0.034983,1.220008,-0.017706,-0.175947,0.025462,0.070452,0.981545,-0.104923,0.880377,0.393695,-0.077455,-0.073728,-0.1011,0.989113,0.028516,0.875665,0.394477,-0.069381,0.045573,0.198262,0.976628,0,1,0,0,0,0,0,0,0,0,0,
118,-0.029173,1.211143,-0.002549,-0.108786,0.036364,0.057504,0.991734,-0.104587,0.879933,0.394264,-0.072076,-0.076047,-0.105798,0.988852,0.028202,0.874625,0.395774,-0.068583,0.046023,0.202048,0.975887,0,0,0,0,0,0,0,1,0,0,0,
119,-0.033806,1.219401,-0.011504,-0.155403,0.024648,0.059813,0.985731,-0.104792,0.880267,0.394417,-0.072327,-0.079207,-0.106553,0.988505,0.028442,0.873877,0.39672,-0.069466,0.048084,0.202926,0.975543,0,0,0,0,0,0,0,1,0,0,0,
120,-0.030537,1.2307,-0.022381,-0.225249,0.025775,0.046496,0.97285,-0.104717,0.879658,0.394,-0.072472,-0.079195,-0.10668,0.988481,0.028666,0.874038,0.395767,-0.069843,0.048467,0.202382,0.97561,0,0,0,0,0,0,0,1,0,0,0,
121,-0.026225,1.227279,-0.019377,-0.205406,0.042782,0.050508,0.976436,-0.104578,0.879415,0.394393,-0.072194,-0.079178,-0.107086,0.988459,0.028856,0.873699,0.396469,-0.069601,0.048574,0.201869,0.975728,0,1,0,0,0,0,0,0,0,0,0,
122,-0.02656,1.2275,-0.019721,-0.205751,0.072506,0.077576,0.972826,-0.104837,0.879748,0.394687,-0.071536,-0.07784,-0.105891,0.988742,0.02812,0.873631,0.396495,-0.068482,0.046754,0.20564,0.975109,0,1,0,0,0,0,0,0,0,0,0,
123,-0.031038,1.222726,-0.01404,-0.182305,0.0562,0.079273,0.978428,-0.105331,0.879782,0.394517,-0.072715,-0.079318,-0.104535,0.988683,0.028116,0.873642,0.396375,-0.069193,0.048116,0.204192,0.975296,0,1,0,0,0,0,0,0,0,0,0,
124,-0.031479,1.217694,-0.008253,-0.151975,0.046673,0.075224,0.984412,-0.105321,0.879936,0.394529,-0.07263,-0.079288,-0.104582,0.988686,0.02833,0.873617,0.396678,-0.068724,0.04828,0.203696,0.975425,0,1,0,0,0,0,0,0,0,0,0,
125,-0.031224,1.21963,-0.010008,-0.158502,0.048187,0.077879,0.983102,-0.105194,0.879948,0.394809,-0.07162,-0.078446,-0.105572,0.988722,0.028136,0.873753,0.396921,-0.068138,0.047374,0.20462,0.975317,0,1,0,0,0,0,0,0,0,0,0,
126,-0.031227,1.21582,-0.007467,-0.142836,0.062193,0.088653,0.983804,-0.10513,0.880178,0.394765,-0.071746,-0.078795,-0.10384,0.988869,0.028107,0.873481,0.397046,-0.067639,0.047521,0.205619,0.975135,0,1,0,0,0,0,0,0,0,0,0,
127,-0.030173,1.214189,-0.008493,-0.136644,0.078698,0.094358,0.982971,-0.105566,0.880309,0.394715,-0.072724,-0.079466,-0.103554,0.988774,0.02811,0.873684,0.397061,-0.06809,0.048298,0.204773,0.975243,0,1,0,0,0,0,0,0,0,0,0,
128,-0.032689,1.214301,-0.007875,-0.13593,0.066095,0.091981,0.984223,-0.105727,0.88047,0.394608,-0.072775,-0.079702,-0.10345,0.988762,0.028063,0.87369,0.397086,-0.06797,0.048315,0.204916,0.97522,0,1,0,0,0,0,0,0,0,0,0,
129,-0.035171,1.21446,-0.008229,-0.136467,0.052378,0.089734,0.985181,-0.105786,0.88009,0.394724,-0.072143,-0.079362,-0.104287,0.988747,0.027807,0.873446,0.397057,-0.06757,0.047867,0.205707,0.975104,0,1,0,0,0,0,0,0,0,0,0,
130,-0.03497,1.21321,-0.007548,-0.132131,0.049638,0.089033,0.985977,-0.105408,0.880098,0.39482,-0.07184,-0.07925,-0.10486,0.988718,0.027881,0.873356,0.397182,-0.066728,0.047372,0.206388,0.975042,1,0,0,0,0,0,0,0,0,0,0,
131,-0.035694,1.217698,-0.007555,-0.150202,0.037874,0.072244,0.985284,-0.105544,0.879694,0.394933,-0.072446,-0.079871,-0.104013,0.988713,0.02827,0.874271,0.396032,-0.067619,0.048718,0.20506,0.975195,1,0,0,0,0,0,0,0,0,0,0,
132,-0.035139,1.217399,-0.007549,-0.150417,0.035756,0.070331,0.985469,-0.10553,0.879868,0.395244,-0.071889,-0.080484,-0.10413,0.988692,0.02827,0.873959,0.396828,-0.067754,0.049151,0.205519,0.975067,0,1,0,0,0,0,0,0,0,0,0,
133,-0.034224,1.216711,-0.007367,-0.147862,0.03495,0.066036,0.986182,-0.104998,0.879581,0.394807,-0.07202,-0.080325,-0.108501,0.988225,0.027965,0.87348,0.396771,-0.067298,0.048729,0.205855,0.975049,0,1,0,0,0,0,0,0,0,0,0,
134,-0.030784,1.211466,-0.003432,-0.122191,0.038237,0.058578,0.990038,-0.104518,0.87954,0.394703,-0.071545,-0.080015,-0.108523,0.988282,0.028344,0.873461,0.396884,-0.067168,0.048399,0.205852,0.975075,0,0,0,0,0,0,0,1,0,0,0,
135,-0.030343,1.210409,-0.0017,-0.115505,0.04011,0.058053,0.990798,-0.104765,0.879905,0.394953,-0.071957,-0.080769,-0.107495,0.988303,0.028487,0.873633,0.396908,-0.067415,0.049467,0.204912,0.975202,0,0,0,0,0,0,0,1,0,0,0,
136,-0.027502,1.213991,-0.004531,-0.129768,0.046273,0.050224,0.98919,-0.104623,0.879934,0.394811,-0.07134,-0.080189,-0.108403,0.988296,0.028298,0.873625,0.397106,-0.066924,0.048974,0.205355,0.975168,0,0,0,0,0,0,0,1,0,0,0,
137,-0.023184,1.213316,-0.005369,-0.129052,0.058388,0.046873,0.988807,-0.104636,0.879676,0.394769,-0.07232,-0.080842,-0.10836,0.988176,0.028445,0.873597,0.396999,-0.067294,0.049618,0.204536,0.975282,0,0,0,0,0,0,0,1,0,0,0,
138,-0.024753,1.213135,-0.005316,-0.128276,0.05854,0.054252,0.988522,-0.104846,0.880043,0.39447,-0.072694,-0.081119,-0.107822,0.988185,0.028587,0.873697,0.396896,-0.067577,0.050041,0.204582,0.975231,0,0,0,0,0,0,0,1,0,0,0,
139,-0.027288,1.211998,-0.004653,-0.124018,0.052432,0.056778,0.989266,-0.105113,0.879911,0.394581,-0.072212,-0.081051,-0.107914,0.988216,0.028293,0.873472,0.39691,-0.067361,0.050008,0.205081,0.975143,0,0,0,0,0,0,0,1,0,0,0,
140,-0.026489,1.212399,-0.004418,-0.124406,0.05296,0.054297,0.989328,-0.104652,0.879422,0.395112,-0.07132,-0.080245,-0.109708,0.988149,0.028125,0.873595,0.397187,-0.0664,0.04897,0.205928,0.975083,0,0,0,0,0,0,0,1,0,0,0,
141,-0.026455,1.212231,-0.00368,-0.125657,0.054799,0.05583,0.988985,-0.104912,0.879707,0.39506,-0.072125,-0.08115,-0.10834,0.988168,0.028396,0.873641,0.397223,-0.067142,0.050065,0.204778,0.975219,0,0,0,0,0,0,0,1,0,0,0,
142,0.009844,1.211101,-0.017837,-0.11179,0.267362,0.077681,0.953932,-0.105113,0.880396,0.394058,-0.072342,-0.081491,-0.107753,0.988188,0.027722,0.873789,0.396763,-0.067444,0.049831,0.205929,0.974967,0,0,0,0,0,0,0,1,0,0,0,
143,0.010972,1.210744,-0.015903,-0.107562,0.269482,0.070352,0.95439,-0.104982,0.882297,0.39258,-0.0708,-0.080034,-0.109217,0.988258,0.026812,0.874937,0.3961,-0.066491,0.04849,0.206433,0.974994,0,0,0,0,0,0,0,1,0,0,0,
144,-0.019285,1.227369,-0.026966,-0.206924,0.128088,0.108278,0.963874,-0.104156,0.881167,0.392358,-0.0717,-0.081133,-0.11303,0.987674,0.028319,0.875303,0.395197,-0.06728,0.049923,0.200099,0.976187,0,0,0,0,0,0,0,1,0,0,0,
145,-0.049391,1.211536,-0.009564,-0.135415,-0.044058,0.039881,0.989005,-0.104333,0.881059,0.392952,-0.071786,-0.081448,-0.111437,0.987823,0.027948,0.874851,0.396105,-0.067415,0.051229,0.203002,0.975511,0,0,0,0,0,0,0,1,0,0,0,
146,-0.014847,1.212329,-0.011426,-0.135634,0.093286,0.034103,0.985768,-0.103659,0.880834,0.393585,-0.073037,-0.08129,-0.112494,0.987625,0.028981,0.87506,0.396661,-0.068683,0.052689,0.199357,0.976096,1,0,0,0,0,0,0,0,0,0,0,
147,-0.02486,1.211179,-0.008436,-0.132913,0.020053,0.007372,0.990897,-0.104187,0.879965,0.393992,-0.072425,-0.080092,-0.11211,0.987811,0.028223,0.873792,0.397535,-0.066734,0.050637,0.204186,0.975341,1,0,0,0,0,0,0,0,0,0,0,
148,-0.066208,1.209799,-0.013632,-0.142009,-0.086948,0.100862,0.980867,-0.104758,0.879979,0.394509,-0.073873,-0.080194,-0.10767,0.98819,0.028154,0.87353,0.397499,-0.066645,0.051903,0.2077,0.974538,1,0,0,0,0,0,0,0,0,0,0,
149,-0.021188,1.21156,-0.008869,-0.133828,0.025352,0.000239,0.99068,-0.103864,0.879818,0.394355,-0.07284,-0.081297,-0.113598,0.987512,0.029207,0.87371,0.397909,-0.068506,0.052881,0.200059,0.975955,1,0,0,0,0,0,0,0,0,0,0,
150,-0.017581,1.204699,-0.000806,-0.096573,0.052816,0.009357,0.99388,-0.103828,0.879731,0.394423,-0.072475,-0.080857,-0.114178,0.987508,0.028822,0.874026,0.39722,-0.068197,0.052795,0.199893,0.976015,0,0,0,0,0,0,0,1,0,0,0,
151,-0.020081,1.206545,-0.001957,-0.104012,0.046429,0.01343,0.993401,-0.103893,0.879435,0.394798,-0.072299,-0.080822,-0.114109,0.987532,0.02871,0.874034,0.397456,-0.06763,0.052089,0.201443,0.975773,0,0,0,0,0,0,0,1,0,0,0,
152,-0.019886,1.206593,-0.001444,-0.105613,0.046606,0.014335,0.993211,-0.104273,0.879353,0.395027,-0.072636,-0.081475,-0.113248,0.987553,0.028914,0.87402,0.397803,-0.067952,0.053299,0.2008,0.975818,0,0,0,0,0,0,0,1,0,0,0,
153,-0.018682,1.205583,-0.001106,-0.103626,0.049998,0.013471,0.993268,-0.104184,0.879615,0.394422,-0.072819,-0.081743,-0.11313,0.987531,0.028805,0.873984,0.397302,-0.067895,0.053527,0.200615,0.975848,0,0,0,0,0,0,0,1,0,0,0,
154,-0.021025,1.206347,-0.001833,-0.105119,0.04754,0.018465,0.993151,-0.104312,0.879802,0.394411,-0.072424,-0.081275,-0.11358,0.987547,0.028615,0.874277,0.397233,-0.067483,0.052965,0.20199,0.975623,0,0,0,0,0,0,0,1,0,0,0,
155,-0.021105,1.20597,-0.001309,-0.104146,0.045933,0.018629,0.993326,-0.103862,0.880413,0.393933,-0.072346,-0.081287,-0.113549,0.987555,0.028626,0.873865,0.397575,-0.067361,0.053021,0.202269,0.975571,0,0,0,0,0,0,0,1,0,0,0,
156,-0.020764,1.205815,-0.000694,-0.103186,0.046881,0.017934,0.993395,-0.10443,0.879905,0.394409,-0.072502,-0.081837,-0.112998,0.987562,0.028724,0.874098,0.39739,-0.067574,0.053745,0.201243,0.975729,0,0,0,0,0,0,0,1,0,0,0,
157,-0.020764,1.205779,-0.000474,-0.103416,0.047582,0.019367,0.993311,-0.104385,0.879677,0.395024,-0.072468,-0.082157,-0.113113,0.987524,0.028756,0.874288,0.397507,-0.067595,0.053823,0.201287,0.975714,0,0,0,0,0,0,0,1,0,0,0,
158,-0.021418,1.206871,-0.001955,-0.105383,0.048331,0.024066,0.992965,-0.103731,0.879805,0.39449,-0.071552,-0.081048,-0.114378,0.987537,0.028477,0.874077,0.397343,-0.066208,0.051889,0.204433,0.97526,0,0,0,0,0,0,0,1,0,0,0,
159,-0.023823,1.205598,-0.000352,-0.102267,0.044434,0.026407,0.993413,-0.104368,0.879909,0.39459,-0.072763,-0.082469,-0.112789,0.987514,0.02835,0.87416,0.397288,-0.067146,0.053505,0.203058,0.975395,0,0,0,0,0,0,0,1,0,0,0,
160,-0.026348,1.205829,-0.000673,-0.105281,0.036301,0.029771,0.993334,-0.104596,0.879804,0.394492,-0.073026,-0.082836,-0.112476,0.987499,0.028533,0.87404,0.397306,-0.067395,0.053827,0.202655,0.975444,0,0,0,0,0,0,0,1,0,0,0,
161,-0.026918,1.206255,-0.001058,-0.105859,0.035027,0.031411,0.993268,-0.104307,0.880148,0.394063,-0.072631,-0.082169,-0.113483,0.987469,0.028263,0.873882,0.397347,-0.066742,0.05315,0.204043,0.975237,0,0,0,0,0,0,0,1,0,0,0,
162,-0.027122,1.206106,-0.00096,-0.105227,0.034895,0.033101,0.993285,-0.104267,0.880456,0.39398,-0.072303,-0.082138,-0.113248,0.987522,0.028266,0.873705,0.397606,-0.066552,0.052916,0.204591,0.975148,1,0,0,0,0,0,0,0,0,0,0,
163,-0.027658,1.205899,-0.000363,-0.104313,0.033084,0.031782,0.993486,-0.104495,0.879956,0.394379,-0.072889,-0.082903,-0.112537,0.987497,0.02845,0.873825,0.397559,-0.067142,0.053836,0.203377,0.975311,1,0,0,0,0,0,0,0,0,0,0,
164,-0.03059,1.206922,-0.000531,-0.111568,0.015722,0.030279,0.993171,-0.104465,0.880529,0.39408,-0.073071,-0.083042,-0.112764,0.987446,0.028391,0.87415,0.397424,-0.067075,0.053959,0.203358,0.975313,1,0,0,0,0,0,0,0,0,0,0,
165,-0.030165,1.207421,-0.001461,-0.112061,0.017378,0.03175,0.993042,-0.10381,0.879814,0.394173,-0.072257,-0.081799,-0.114573,0.987401,0.028211,0.873959,0.397371,-0.066074,0.052428,0.205511,0.975013,0,0,0,0,0,0,0,1,0,0,0,
166,-0.032332,1.204297,0.001951,-0.098744,0.012086,0.036462,0.994371,-0.104335,0.879987,0.394362,-0.073189,-0.08311,-0.112755,0.987432,0.028534,0.873738,0.397548,-0.066886,0.054013,0.203882,0.975213,0,0,0,0,0,0,0,1,0,0,0,
167,-0.031972,1.204099,0.00313,-0.09668,0.012205,0.036432,0.994574,-0.104444,0.880002,0.39446,-0.073199,-0.083266,-0.112704,0.987424,0.028593,0.873867,0.397737,-0.066923,0.054278,0.203495,0.975277,0,0,0,0,0,0,0,1,0,0,0,
168,-0.032071,1.204159,0.00296,-0.096598,0.014471,0.037452,0.994513,-0.104362,0.880097,0.394363,-0.073069,-0.082736,-0.113291,0.987411,0.028316,0.873852,0.397755,-0.066607,0.053908,0.204392,0.975132,0,0,0,0,0,0,0,1,0,0,0,
169,-0.034552,1.203617,0.003231,-0.095349,0.012635,0.043476,0.994414,-0.104079,0.880539,0.394022,-0.073374,-0.082107,-0.113014,0.987473,0.028152,0.873803,0.397602,-0.065917,0.052778,0.207188,0.97465,0,0,0,0,0,0,0,1,0,0,0,
170,-0.035939,1.201571,0.005223,-0.089081,0.008951,0.046339,0.994906,-0.104436,0.880346,0.394013,-0.07396,-0.083337,-0.111661,0.98748,0.028002,0.873414,0.397661,-0.066444,0.053959,0.205765,0.974851,0,0,0,0,0,0,0,1,0,0,0,
171,-0.035923,1.20097,0.006714,-0.083799,0.007572,0.046275,0.995379,-0.104699,0.880834,0.393639,-0.073966,-0.083415,-0.111843,0.987452,0.028249,0.87388,0.397327,-0.066488,0.054224,0.204882,0.975019,0,0,0,0,0,0,0,1,0,0,0,
172,-0.036803,1.201113,0.00706,-0.081973,0.004393,0.049042,0.995418,-0.104604,0.88078,0.393527,-0.072984,-0.082819,-0.111981,0.98756,0.044996,0.882584,0.39497,-0.062891,0.030203,0.090707,0.993431,0,0,0,0,0,0,0,1,0,0,0,
173,-0.026058,1.220861,-0.004791,-0.180489,0.071681,0.063781,0.978886,-0.104587,0.879804,0.393846,-0.073238,-0.082958,-0.112207,0.987504,0.034885,0.877512,0.394548,-0.073655,0.034841,0.15173,0.985058,0,0,0,0,0,0,0,1,0,0,0,
174,0.004617,1.224289,-0.013993,-0.184412,0.250811,0.102846,0.944727,-0.105717,0.881511,0.392187,-0.073376,-0.083534,-0.111486,0.987527,0.033558,0.878009,0.393834,-0.074381,0.037913,0.154422,0.984471,0,0,0,0,0,0,0,1,0,0,0,
175,-0.013088,1.239387,-0.033674,-0.282932,0.172898,0.092857,0.938847,-0.105229,0.881684,0.391355,-0.073829,-0.083462,-0.111992,0.987442,0.033073,0.878054,0.392937,-0.075449,0.038484,0.159226,0.983602,0,1,0,0,0,0,0,0,0,0,0,
176,-0.047976,1.24784,-0.072313,-0.359326,-0.265497,-0.085638,0.890541,-0.102086,0.880777,0.39219,-0.071644,-0.082977,-0.116834,0.987083,0.034476,0.877618,0.392491,-0.076048,0.041973,0.16732,0.982069,0,1,0,0,0,0,0,0,0,0,0,
177,-0.038691,1.249048,-0.089285,-0.379614,-0.335485,-0.097863,0.856601,-0.100457,0.881228,0.391842,-0.071394,-0.083719,-0.132503,0.985057,0.034331,0.878976,0.393415,-0.076118,0.042733,0.160324,0.983197,1,0,0,0,0,0,0,0,0,0,0,
178,-0.038092,1.247998,-0.08731,-0.378563,-0.315704,-0.090945,0.865304,-0.100775,0.88084,0.392338,-0.07221,-0.084623,-0.131245,0.985089,0.034572,0.878635,0.393815,-0.076715,0.043403,0.162209,0.982812,1,0,0,0,0,0,0,0,0,0,0,
179,-0.008443,1.221959,-0.026999,-0.1947,0.023667,-0.005123,0.980564,-0.100886,0.880493,0.392572,-0.073974,-0.084513,-0.12933,0.98522,0.03375,0.877964,0.39356,-0.076703,0.043087,0.166906,0.98204,0,1,0,0,0,0,0,0,0,0,0,
180,-0.0275,1.229391,-0.022243,-0.226749,-0.091261,-0.043036,0.968713,-0.100953,0.879786,0.39278,-0.073657,-0.083458,-0.127402,0.985585,0.03376,0.878175,0.392255,-0.07543,0.041223,0.171193,0.981481,0,1,0,0,0,0,0,0,0,0,1,Mouth movement
181,-0.014139,1.196325,0.040643,-0.087009,0.028785,0.017041,0.995646,-0.101853,0.879552,0.393725,-0.076983,-0.0818,-0.125548,0.985708,0.032944,0.877971,0.39286,-0.078765,0.039265,0.172089,0.981142,1,0,0,0,0,0,0,0,0,0,1,Mouth movement
182,-0.020048,1.212885,0.016292,-0.15486,0.007733,0.013401,0.987815,-0.102423,0.878751,0.393718,-0.077907,-0.084052,-0.125118,0.985501,0.032769,0.876682,0.393221,-0.079613,0.041408,0.174586,0.980544,0,0,0,0,0,0,0,1,0,0,1,Mouth movement
183,-0.008288,1.229366,-0.022749,-0.242553,0.037649,-0.012774,0.969323,-0.102416,0.878651,0.392719,-0.078262,-0.085032,-0.128754,0.98492,0.033552,0.877225,0.392763,-0.080506,0.044981,0.16586,0.981828,0,0,0,0,0,0,0,1,0,0,1,Mouth movement
184,-0.008524,1.227439,-0.019568,-0.229413,0.042908,-0.001844,0.972381,-0.101549,0.878631,0.392695,-0.077686,-0.083749,-0.130509,0.984844,0.032548,0.876686,0.393059,-0.076255,0.044848,0.176311,0.980351,0,1,0,0,0,0,0,0,0,0,1,Mouth movement
185,-0.011828,1.226269,-0.016939,-0.223596,0.0418,0.008241,0.97375,-0.101637,0.878812,0.392931,-0.078953,-0.084324,-0.128733,0.984928,0.032342,0.881471,0.388748,-0.077035,0.045871,0.178571,0.979834,0,1,0,0,0,0,0,0,0,0,1,Mouth movement
186,-0.018119,1.219082,-0.007699,-0.181151,0.023881,0.015172,0.983048,-0.102359,0.879015,0.393029,-0.079676,-0.085174,-0.126726,0.985057,0.031908,0.883775,0.386344,-0.077713,0.046831,0.178664,0.979718,0,1,0,0,0,0,0,0,0,0,1,Mouth movement
187,-0.021077,1.208103,0.003306,-0.119163,0.016079,0.022493,0.99249,-0.102255,0.879908,0.392969,-0.079336,-0.085194,-0.125699,0.985215,0.03132,0.885131,0.385024,-0.076871,0.046719,0.179337,0.979667,0,0,0,0,0,0,0,1,0,0,1,Mouth movement
188,-0.023328,1.21954,-0.001717,-0.180032,0.024362,0.049158,0.98213,-0.102131,0.879682,0.392898,-0.079549,-0.084856,-0.125462,0.985257,0.030923,0.886233,0.384326,-0.075325,0.045448,0.181872,0.979379,0,0,0,0,0,0,0,1,0,0,1,Mouth movement
189,-0.022453,1.220835,-0.0007,-0.186273,0.042277,0.057579,0.979898,-0.103049,0.879524,0.392865,-0.080338,-0.085696,-0.122937,0.985438,0.030583,0.886739,0.383751,-0.076256,0.046755,0.180828,0.979439,0,0,0,0,0,0,0,1,0,0,1,Mouth movement
190,-0.016319,1.216231,0.001995,-0.160835,0.073176,0.055432,0.982703,-0.103428,0.879803,0.392601,-0.081011,-0.085948,-0.122671,0.985394,0.031229,0.884665,0.385353,-0.076318,0.04703,0.180322,0.979514,0,1,0,0,0,0,0,0,0,0,1,Mouth movement
191,-0.033079,1.22137,-0.004497,-0.187874,-0.007096,0.056383,0.980548,-0.102637,0.879818,0.39271,-0.080399,-0.084832,-0.124939,0.985256,0.0306,0.885706,0.384669,-0.075031,0.045813,0.181873,0.979384,0,1,0,0,0,0,0,0,0,0,1,Mouth movement
192,-0.078891,1.215286,-0.015009,-0.18539,-0.198795,0.078418,0.959147,-0.102699,0.881136,0.391989,-0.082308,-0.085805,-0.119433,0.985697,0.029366,0.882087,0.387611,-0.074274,0.045592,0.186442,0.978593,0,1,0,0,0,0,0,0,0,0,1,Mouth movement
193,-0.070789,1.214964,-0.011306,-0.17891,-0.161696,0.071609,0.967842,-0.102904,0.880865,0.391342,-0.082489,-0.08585,-0.118599,0.985779,0.030547,0.879592,0.389596,-0.074968,0.046277,0.186187,0.978556,1,0,0,0,0,0,0,0,0,0,1,Mouth movement
194,-0.043888,1.217696,-0.004353,-0.17666,-0.036973,0.068629,0.98118,-0.103191,0.881118,0.391625,-0.082165,-0.086076,-0.119454,0.985683,0.031428,0.878372,0.391361,-0.075431,0.046609,0.185524,0.978631,1,0,0,0,0,0,0,0,0,0,1,Mouth movement
195,-0.053468,1.218647,-0.006852,-0.181781,-0.088197,0.059113,0.97759,-0.102343,0.88078,0.391887,-0.081121,-0.084574,-0.121803,0.985612,0.031612,0.876156,0.393717,-0.073796,0.044977,0.187214,0.97851,0,1,0,0,0,0,0,0,0,0,1,Mouth movement
196,-0.049621,1.214785,-0.001569,-0.165162,-0.073451,0.056611,0.981897,-0.102939,0.880766,0.391591,-0.08206,-0.085699,-0.120112,0.985645,0.031975,0.875647,0.393996,-0.075342,0.046665,0.186212,0.978505,0,1,0,0,0,0,0,0,0,0,1,Mouth movement
197,-0.050284,1.209657,0.006212,-0.138444,-0.072401,0.056923,0.986079,-0.103257,0.881157,0.391785,-0.082282,-0.085984,-0.119235,0.985708,0.0319,0.876113,0.393856,-0.075559,0.046692,0.185943,0.978538,0,1,0,0,0,0,0,0,0,0,1,Mouth movement
198,-0.05092,1.211782,0.003847,-0.145761,-0.077568,0.055646,0.984703,-0.102875,0.880879,0.391854,-0.081716,-0.085062,-0.120709,0.985655,0.031667,0.875952,0.393776,-0.074514,0.045625,0.187666,0.978339,0,1,0,0,0,0,0,0,0,0,1,Mouth movement
199,-0.032825,1.213198,0.005258,-0.148486,-0.020867,0.034548,0.988091,-0.102576,0.880918,0.392014,-0.081796,-0.085571,-0.121894,0.985459,0.031962,0.876412,0.393861,-0.07548,0.046752,0.185229,0.978676,0,1,0,0,0,0,0,0,0,0,1,Mouth movement
200,-0.025609,1.211601,0.006607,-0.140691,0.039545,0.075489,0.986379,-0.103121,0.880413,0.391833,-0.08283,-0.085621,-0.120745,0.98551,0.031916,0.87639,0.393298,-0.075738,0.047212,0.18491,0.978695,0,1,0,0,0,0,0,0,0,0,1,Mouth movement
201,-0.036264,1.211064,0.007411,-0.140487,0.00443,0.08587,0.986342,-0.103074,0.880572,0.392048,-0.082715,-0.085674,-0.120746,0.985514,0.031636,0.876513,0.393112,-0.075505,0.046785,0.185931,0.97854,0,1,0,0,0,0,0,0,0,0,1,Mouth movement
202,-0.039619,1.207511,0.010029,-0.124468,-0.014323,0.077362,0.989099,-0.103006,0.880499,0.392083,-0.082124,-0.084944,-0.121346,0.985553,0.031217,0.876099,0.393673,-0.074429,0.045826,0.187692,0.978331,0,0,0,0,0,0,0,1,0,0,1,Mouth movement
203,-0.037618,1.207471,0.010792,-0.121699,-0.010331,0.075648,0.989626,-0.102969,0.880648,0.392062,-0.082563,-0.085675,-0.120631,0.985541,0.031814,0.876506,0.39334,-0.07561,0.04697,0.186132,0.978484,0,0,0,0,0,0,0,1,0,0,1,Mouth movement
204,-0.038227,1.20755,0.011014,-0.123136,-0.010394,0.077868,0.989276,-0.103108,0.881178,0.392004,-0.082778,-0.085899,-0.119876,0.985596,0.031985,0.876407,0.393897,-0.07596,0.047104,0.186424,0.978395,0,0,0,0,0,0,0,1,0,0,1,Mouth movement
205,-0.037248,1.207144,0.010917,-0.121807,-0.005809,0.078328,0.989441,-0.102564,0.880813,0.391835,-0.082169,-0.08488,-0.121656,0.985517,0.031654,0.876097,0.393907,-0.074598,0.04578,0.188489,0.978167,0,0,0,0,0,0,0,1,0,0,1,Mouth movement
206,-0.040322,1.204797,0.013206,-0.114934,-0.013948,0.079261,0.990108,-0.103352,0.880882,0.391953,-0.082961,-0.085825,-0.120255,0.985541,0.031534,0.876328,0.39357,-0.07535,0.046779,0.187578,0.978238,0,0,0,0,0,0,0,1,0,0,1,Mouth movement
207,-0.04025,1.204248,0.013852,-0.111225,-0.015724,0.081216,0.990346,-0.103273,0.881152,0.391758,-0.08309,-0.086082,-0.119611,0.985586,0.031578,0.875948,0.394018,-0.075975,0.047154,0.188563,0.977982,0,0,0,0,0,0,0,1,0,0,1,Mouth movement
208,-0.040808,1.204079,0.014047,-0.109012,-0.016585,0.082069,0.990508,-0.10331,0.881116,0.391737,-0.082866,-0.08606,-0.119725,0.985593,0.031481,0.875954,0.393907,-0.075628,0.046913,0.189,0.977936,0,0,0,0,0,0,0,1,0,0,1,Mouth movement
209,-0.040912,1.204369,0.013858,-0.107933,-0.017577,0.082111,0.990606,-0.103085,0.881352,0.391839,-0.082311,-0.085261,-0.121119,0.985538,0.03109,0.87651,0.393747,-0.074305,0.045453,0.190769,0.977763,1,0,0,0,0,0,0,0,0,0,1,Mouth movement
210,-0.041592,1.202709,0.015675,-0.104232,-0.018562,0.083319,0.990883,-0.103459,0.881156,0.392055,-0.082962,-0.086271,-0.119885,0.985547,0.031483,0.876108,0.393922,-0.075569,0.047034,0.189095,0.977916,1,0,0,0,0,0,0,0,0,0,1,Mouth movement
211,-0.042435,1.202035,0.016111,-0.102024,-0.021423,0.084075,0.990991,-0.103595,0.881086,0.391748,-0.083367,-0.086723,-0.119566,0.985512,0.031484,0.875804,0.393985,-0.075642,0.047147,0.189317,0.977862,1,0,0,0,0,0,0,0,0,0,1,Mouth movement
212,-0.04194,1.203732,0.015007,-0.103665,-0.020079,0.083145,0.990928,-0.102983,0.880991,0.392019,-0.082461,-0.085321,-0.121936,0.98542,0.030849,0.875929,0.394236,-0.073934,0.045388,0.192182,0.977517,1,0,0,0,0,0,0,0,0,0,1,Mouth movement
213,-0.042406,1.201199,0.016712,-0.098274,-0.021748,0.083708,0.991394,-0.103267,0.881273,0.391726,-0.083466,-0.086484,-0.120708,0.985385,0.031161,0.876135,0.393839,-0.075218,0.046924,0.1903,0.977715,1,0,0,0,0,0,0,0,0,0,1,Mouth movement
214,-0.042705,1.200691,0.017648,-0.095841,-0.022773,0.08372,0.991608,-0.103452,0.881053,0.392021,-0.083317,-0.086755,-0.120166,0.98544,0.031475,0.87612,0.393966,-0.075194,0.047019,0.189955,0.977779,1,0,0,0,0,0,0,0,0,0,1,Mouth movement
215,-0.042114,1.200153,0.018347,-0.093673,-0.021784,0.083453,0.99186,-0.103271,0.880922,0.392306,-0.083407,-0.086669,-0.120231,0.985432,0.03144,0.876138,0.393946,-0.07511,0.047049,0.190108,0.977755,1,0,0,0,0,0,0,0,0,0,1,Mouth movement
216,-0.04323,1.201139,0.01738,-0.094603,-0.022252,0.085315,0.991603,-0.103014,0.881304,0.392077,-0.082647,-0.085242,-0.12093,0.985535,0.0309,0.875913,0.39429,-0.073542,0.045429,0.193505,0.977284,1,0,0,0,0,0,0,0,0,0,1,Mouth movement
217,-0.043417,1.198205,0.019967,-0.086434,-0.023066,0.084001,0.992442,-0.10365,0.881116,0.391817,-0.083407,-0.086469,-0.119577,0.985529,0.03124,0.875878,0.393693,-0.074891,0.047162,0.191218,0.97755,1,0,0,0,0,0,0,0,0,0,1,Mouth movement
218,-0.04398,1.196054,0.022538,-0.076907,-0.025361,0.084502,0.993127,-0.103538,0.88126,0.391799,-0.083761,-0.086763,-0.119323,0.985504,0.031511,0.876149,0.393626,-0.075067,0.047264,0.190806,0.977612,1,0,0,0,0,0,0,0,0,0,1,Mouth movement
219,-0.044597,1.196244,0.02245,-0.074171,-0.026625,0.087081,0.993079,-0.103224,0.881021,0.391973,-0.083356,-0.085587,-0.120485,0.9855,0.031136,0.875958,0.393935,-0.073626,0.046029,0.192876,0.977374,1,0,0,0,0,0,0,0,0,0,1,Mouth movement
220,-0.044022,1.194506,0.024422,-0.068182,-0.026685,0.08782,0.993442,-0.103425,0.881454,0.391873,-0.083779,-0.086211,-0.119943,0.985476,0.031255,0.876168,0.394048,-0.074131,0.046859,0.191633,0.977541,1,0,0,0,0,0,0,0,0,0,1,Mouth movement
221,-0.044641,1.192722,0.025355,-0.062543,-0.026761,0.088705,0.993732,-0.103678,0.881182,0.392051,-0.083919,-0.086411,-0.118954,0.985566,0.031313,0.875944,0.394129,-0.074383,0.047267,0.19126,0.977575,1,0,0,0,0,0,0,0,0,0,1,Mouth movement
222,-0.045233,1.191627,0.026432,-0.058245,-0.028561,0.088965,0.99392,-0.103761,0.881227,0.392169,-0.083928,-0.086646,-0.118841,0.985559,0.031219,0.876312,0.393746,-0.074658,0.047304,0.191301,0.977544,1,0,0,0,0,0,0,0,0,0,1,Mouth movement
223,-0.026681,1.231273,-0.01431,-0.254847,0.01393,0.023195,0.966603,-0.102916,0.880356,0.391815,-0.082561,-0.084601,-0.122328,0.985425,0.032295,0.878285,0.392062,-0.082253,0.046572,0.180975,0.978935,1,0,0,0,0,0,0,0,0,0,1,Mouth movement
224,-0.023283,1.228546,-0.014943,-0.236585,0.018603,0.01919,0.971243,-0.103111,0.880456,0.391188,-0.084107,-0.086138,-0.122537,0.985135,0.030225,0.879765,0.389351,-0.077221,0.052594,0.198894,0.975557,1,0,0,0,0,0,0,0,0,0,1,Mouth movement
225,-0.026856,1.223866,-0.008699,-0.211707,0.012126,0.028803,0.976833,-0.103106,0.880594,0.39154,-0.08464,-0.086428,-0.121713,0.985166,0.030763,0.882316,0.388342,-0.078041,0.051084,0.190817,0.977184,1,0,0,0,0,0,0,0,0,0,1,Mouth movement
226,-0.027811,1.221766,-0.007059,-0.200303,0.008912,0.030352,0.979223,-0.102913,0.880275,0.391578,-0.08426,-0.085569,-0.123321,0.985074,0.024804,0.878985,0.388512,-0.064323,0.05946,0.241435,0.966456,1,0,0,0,0,0,0,0,0,0,1,Mouth movement
227,-0.027606,1.218451,-0.003101,-0.182354,0.007793,0.031786,0.982688,-0.102803,0.880378,0.391466,-0.084117,-0.085755,-0.123498,0.985048,0.024428,0.878525,0.38879,-0.062417,0.059687,0.244967,0.965677,0,1,0,0,0,0,0,0,0,0,1,Mouth movement
228,-0.028421,1.213552,0.002069,-0.155452,0.006595,0.037175,0.987122,-0.103186,0.88054,0.391912,-0.084584,-0.086664,-0.12225,0.985084,0.025039,0.878678,0.389098,-0.061757,0.061035,0.240796,0.966684,0,1,0,0,0,0,0,0,0,0,1,Mouth movement
229,-0.030029,1.211587,0.005092,-0.144062,0.002304,0.039659,0.988771,-0.103341,0.880579,0.391576,-0.08474,-0.086597,-0.122114,0.985093,0.024745,0.878088,0.389362,-0.060549,0.060487,0.241776,0.96655,0,1,0,0,0,0,0,0,0,0,1,Mouth movement
230,-0.029803,1.212251,0.004243,-0.145221,0.002781,0.040068,0.988584,-0.103046,0.880698,0.391926,-0.084173,-0.08587,-0.123347,0.985052,0.024363,0.876361,0.391455,-0.059193,0.059329,0.243921,0.966167,0,1,0,0,0,0,0,0,0,0,1,Mouth movement
231,-0.029085,1.210986,0.004989,-0.142004,0.006289,0.040369,0.989023,-0.103076,0.880702,0.391717,-0.084694,-0.086338,-0.122574,0.985063,0.025119,0.874719,0.393082,-0.057139,0.059695,0.241387,0.966904,0,1,0,0,0,0,0,0,0,0,1,Mouth movement
232,-0.029268,1.210869,0.004805,-0.141024,0.006979,0.040715,0.989144,-0.103398,0.880232,0.392481,-0.084619,-0.086341,-0.122717,0.985051,0.024888,0.87391,0.393782,-0.05795,0.060376,0.242385,0.966564,0,1,0,0,0,0,0,0,0,0,1,Mouth movement
233,-0.033195,1.209621,0.006197,-0.130741,0.003111,0.045945,0.990347,-0.10312,0.88042,0.392497,-0.084069,-0.08546,-0.121991,0.985265,0.024131,0.873495,0.393966,-0.055852,0.057736,0.247797,0.965476,0,1,0,0,0,0,0,0,0,0,1,Mouth movement
234,-0.033091,1.210091,0.006265,-0.131847,0.003434,0.04692,0.990153,-0.103409,0.880822,0.39171,-0.084229,-0.086966,-0.12106,0.985234,0.026339,0.872704,0.395408,-0.050808,0.057814,0.234739,0.969007,0,0,0,0,0,0,0,1,0,0,1,Mouth movement
235,-0.03441,1.212645,0.004618,-0.145614,0.002598,0.050204,0.988063,-0.103996,0.881409,0.391629,-0.086128,-0.088765,-0.120935,0.984925,0.026081,0.871629,0.396426,-0.055259,0.060245,0.237474,0.967948,0,0,0,0,0,0,0,1,0,0,1,Mouth movement
236,-0.034786,1.211229,0.004975,-0.14179,0.001888,0.052975,0.988476,-0.10363,0.881339,0.391342,-0.086038,-0.088539,-0.121051,0.984939,0.026549,0.871417,0.39664,-0.052891,0.059388,0.234001,0.968978,0,1,0,0,0,0,0,0,0,0,1,Mouth movement
237,-0.035066,1.21064,0.005387,-0.137977,0.001553,0.053559,0.988985,-0.103836,0.881128,0.391422,-0.085848,-0.088489,-0.121109,0.984953,0.025891,0.871459,0.396789,-0.057462,0.057412,0.236047,0.968341,0,1,0,0,0,0,0,0,0,0,1,Mouth movement
238,-0.036522,1.212299,0.004901,-0.144435,-0.002962,0.054863,0.987988,-0.103536,0.881076,0.391828,-0.085182,-0.087528,-0.122421,0.984935,0.025089,0.871517,0.396263,-0.055985,0.059361,0.243097,0.966564,0,1,0,0,0,0,0,0,0,0,1,Mouth movement
239,-0.036589,1.211406,0.005139,-0.142702,-0.005695,0.052615,0.98835,-0.103813,0.881025,0.391707,-0.085547,-0.088314,-0.12196,0.98489,0.025077,0.871252,0.396324,-0.056678,0.060059,0.242777,0.966561,0,1,0,0,0,0,0,0,0,0,1,Mouth movement
240,-0.036076,1.211164,0.005357,-0.141048,-0.004209,0.052423,0.988605,-0.103656,0.880871,0.391693,-0.085795,-0.088544,-0.121616,0.98489,0.025692,0.871555,0.395933,-0.057091,0.06059,0.242267,0.966631,1,0,0,0,0,0,0,0,0,0,1,Mouth movement
241,-0.03269,1.211247,0.005632,-0.140205,0.001517,0.046794,0.989015,-0.103421,0.880809,0.391715,-0.085354,-0.088224,-0.122693,0.984824,0.02561,0.872341,0.395345,-0.057235,0.061091,0.241444,0.966797,1,0,0,0,0,0,0,0,0,0,1,Mouth movement
242,-0.034631,1.214556,0.004652,-0.159187,-0.002211,0.048385,0.98606,-0.103409,0.880781,0.392023,-0.084395,-0.087361,-0.123376,0.984898,0.024974,0.872151,0.39559,-0.055847,0.058699,0.243267,0.96657,0,1,0,0,0,0,0,0,0,0,1,Mouth movement
243,-0.031955,1.212675,0.004557,-0.149507,-0.000205,0.038815,0.987999,-0.1037,0.880747,0.391689,-0.0848,-0.088202,-0.123073,0.984826,0.02516,0.87194,0.395353,-0.05702,0.059895,0.242125,0.966714,0,1,0,0,0,0,0,0,0,0,1,Mouth movement
244,-0.030207,1.207135,0.009976,-0.121233,0.006727,0.041773,0.991722,-0.103381,0.88079,0.391772,-0.084841,-0.088563,-0.123035,0.984795,0.025963,0.871566,0.395648,-0.057812,0.060955,0.240808,0.96693,0,0,0,0,0,0,0,1,0,0,1,Mouth movement
245,-0.031185,1.207894,0.009412,-0.121185,0.004165,0.043724,0.991658,-0.103634,0.880526,0.392115,-0.084641,-0.088136,-0.123669,0.984771,0.025405,0.871329,0.396179,-0.057638,0.060314,0.241713,0.966755,0,0,0,0,0,0,0,1,0,0,1,Mouth movement
246,-0.02866,1.208322,0.009625,-0.122202,0.010156,0.039276,0.991676,-0.103459,0.880969,0.391782,-0.084656,-0.088645,-0.123759,0.984713,0.025704,0.871609,0.395869,-0.058081,0.060849,0.2412,0.966823,0,0,0,0,0,0,0,1,0,0,1,Mouth movement
247,-0.02682,1.206824,0.006749,-0.114747,0.022001,0.047574,0.992011,-0.103407,0.880802,0.392028,-0.084912,-0.088883,-0.124506,0.984575,0.025684,0.871712,0.395839,-0.058229,0.060446,0.241111,0.966862,0,0,0,0,0,0,0,1,0,0,1,Mouth movement
248,-0.029171,1.20728,0.007028,-0.118334,0.021525,0.057247,0.991089,-0.103431,0.881173,0.391921,-0.08513,-0.08913,-0.123447,0.984667,0.025792,0.872993,0.394827,-0.058561,0.060662,0.241188,0.966809,0,0,0,0,0,0,0,1,0,0,1,Mouth movement
249,-0.029428,1.206084,0.007119,-0.112609,0.01675,0.05434,0.992011,-0.103271,0.880857,0.391912,-0.083735,-0.088424,-0.125342,0.984611,0.025311,0.873491,0.394197,-0.057414,0.059408,0.242372,0.966659,0,0,0,0,0,0,0,1,0,0,1,Mouth movement
250,-0.029585,1.20594,0.0078,-0.110978,0.015122,0.053446,0.992269,-0.103486,0.880855,0.391937,-0.084322,-0.089166,-0.124768,0.984567,0.025622,0.872483,0.395154,-0.058006,0.059807,0.24138,0.966848,0,0,0,0,0,0,0,1,0,0,1,Mouth movement
251,-0.030779,1.207094,0.007786,-0.117646,0.014679,0.053757,0.991491,-0.103769,0.881052,0.391695,-0.084466,-0.089386,-0.123964,0.984636,0.025578,0.871874,0.395588,-0.058707,0.060048,0.241278,0.966816,0,0,0,0,0,0,0,1,0,0,1,Mouth movement
252,-0.028593,1.205637,0.008076,-0.112653,0.024034,0.056434,0.991739,-0.103551,0.881044,0.391817,-0.084647,-0.089563,-0.123819,0.984623,0.025766,0.872201,0.395586,-0.059034,0.05993,0.240972,0.96688,0,0,0,0,0,0,0,1,0,0,1,Mouth movement
253,-0.029922,1.206111,0.007384,-0.111461,0.019773,0.057389,0.991913,-0.103453,0.880895,0.39184,-0.084008,-0.088997,-0.12516,0.984559,0.025387,0.871932,0.395494,-0.058606,0.058644,0.242454,0.966614,0,0,0,0,0,0,0,1,0,0,1,Mouth movement
254,-0.032286,1.20589,0.008451,-0.113028,0.012685,0.058132,0.991809,-0.103958,0.88135,0.392067,-0.084521,-0.089604,-0.123947,0.984614,0.025349,0.871639,0.396405,-0.05919,0.05943,0.241783,0.966698,0,0,0,0,0,0,0,1,0,0,1,Mouth movement
255,-0.03189,1.20464,0.008905,-0.109288,0.01155,0.057627,0.992271,-0.103751,0.881161,0.391517,-0.084586,-0.089853,-0.123926,0.984588,0.025428,0.871422,0.396092,-0.059522,0.059402,0.241132,0.966842,0,0,0,0,0,0,0,1,0,0,1,Mouth movement
256,-0.031813,1.204821,0.00885,-0.10764,0.011187,0.058123,0.992426,-0.103529,0.881166,0.391605,-0.08442,-0.089979,-0.124159,0.984562,0.025661,0.871411,0.396207,-0.059541,0.059151,0.241527,0.966758,1,0,0,0,0,0,0,0,0,0,1,Mouth movement
257,-0.029608,1.203736,0.012349,-0.094563,0.018764,0.054929,0.993825,-0.103533,0.88115,0.391873,-0.084116,-0.08963,-0.124782,0.984541,0.025536,0.871265,0.396502,-0.05932,0.058677,0.241879,0.966712,1,0,0,0,0,0,0,0,0,0,1,Mouth movement
258,-0.03367,1.203386,0.013543,-0.099342,0.000887,0.053596,0.993609,-0.103867,0.881222,0.391951,-0.084401,-0.09019,-0.123884,0.984579,0.025609,0.871697,0.39631,-0.060145,0.059122,0.241144,0.966818,1,0,0,0,0,0,0,0,0,0,1,Mouth movement
259,-0.032847,1.202142,0.013404,-0.094233,0.001485,0.055066,0.994025,-0.103629,0.881056,0.391938,-0.08421,-0.090416,-0.123986,0.984561,0.02589,0.87147,0.396062,-0.060203,0.058966,0.240949,0.966872,1,0,0,0,0,0,0,0,0,0,1,Mouth movement
260,-0.034104,1.19861,0.016951,-0.075002,-0.001542,0.05696,0.995554,-0.103495,0.881177,0.391573,-0.083673,-0.089645,-0.125037,0.984545,0.02554,0.871315,0.39606,-0.059555,0.057721,0.242531,0.966592,0,0,0,0,0,0,0,1,0,0,1,Mouth movement
261,-0.033914,1.198928,0.017467,-0.076168,-0.001328,0.056078,0.995516,-0.103742,0.882019,0.391551,-0.084244,-0.090648,-0.124204,0.98451,0.025746,0.871509,0.396565,-0.060615,0.058819,0.241038,0.966833,0,0,0,0,0,0,0,1,0,0,0,
262,-0.025399,1.203019,0.01286,-0.092066,0.03227,0.038929,0.994468,-0.103167,0.881136,0.391837,-0.082704,-0.089452,-0.126235,0.984491,0.025276,0.871159,0.396556,-0.059277,0.057242,0.243347,0.966433,1,0,0,0,0,0,0,0,0,0,0,
263,-0.019705,1.200738,0.013791,-0.085201,0.080438,0.064269,0.99103,-0.103912,0.881296,0.391915,-0.084677,-0.09059,-0.12357,0.984558,0.025501,0.871281,0.39651,-0.060589,0.058662,0.241738,0.96667,0,0,0,0,0,0,0,1,0,0,0,
264,-0.028048,1.199424,0.014851,-0.080397,0.058891,0.084248,0.991449,-0.103574,0.882537,0.391077,-0.084659,-0.090804,-0.123357,0.984566,0.025536,0.871168,0.396781,-0.060781,0.058289,0.241997,0.966616,0,0,0,0,0,0,0,1,0,0,0,
265,-0.031518,1.194682,0.017888,-0.055423,0.035634,0.076619,0.994881,-0.103722,0.883006,0.390343,-0.084514,-0.09091,-0.123544,0.984546,0.025445,0.871371,0.396363,-0.061059,0.058218,0.241338,0.966767,1,0,0,0,0,0,0,0,0,0,0,
266,-0.030179,1.200594,0.011846,-0.076033,0.038901,0.074761,0.993537,-0.102957,0.883409,0.390307,-0.083104,-0.089653,-0.125368,0.98455,0.02512,0.871224,0.396812,-0.059681,0.056121,0.243502,0.966434,1,0,0,0,0,0,0,0,0,0,0,
267,-0.031416,1.202602,0.01002,-0.088794,0.038062,0.077661,0.992288,-0.103609,0.883364,0.390218,-0.084705,-0.090967,-0.123427,0.984538,0.025678,0.871093,0.396793,-0.061343,0.058089,0.241131,0.966808,1,0,0,0,0,0,0,0,0,0,0,
268,-0.016936,1.201762,0.008788,-0.08144,0.113025,0.086802,0.986437,-0.103625,0.883085,0.390136,-0.084866,-0.090831,-0.124161,0.984445,0.025013,0.871098,0.396624,-0.061514,0.057694,0.240835,0.966895,1,0,0,0,0,0,0,0,0,0,0,
269,-0.029005,1.201982,0.008968,-0.08584,0.045589,0.0734,0.992555,-0.103012,0.883052,0.390078,-0.083818,-0.089566,-0.124713,0.984581,0.02512,0.870894,0.396773,-0.060066,0.055655,0.243092,0.966541,1,0,0,0,0,0,0,0,0,0,0,
270,-0.030842,1.201965,0.009612,-0.088276,0.035821,0.071094,0.99291,-0.103902,0.883299,0.390125,-0.085399,-0.090973,-0.123411,0.98448,0.025359,0.87085,0.39685,-0.062042,0.057521,0.240811,0.966878,1,0,0,0,0,0,0,0,0,0,0,
271,-0.030852,1.200881,0.010205,-0.085164,0.034419,0.071136,0.993228,-0.103997,0.883175,0.39025,-0.085554,-0.091122,-0.12329,0.984468,0.025366,0.870975,0.396752,-0.062451,0.057655,0.240015,0.967041,1,0,0,0,0,0,0,0,0,0,0,
272,-0.030535,1.201919,0.00938,-0.085472,0.034757,0.071298,0.993178,-0.103831,0.882847,0.390417,-0.085059,-0.090786,-0.123904,0.984465,0.025395,0.870937,0.396725,-0.06236,0.057246,0.240826,0.96687,1,0,0,0,0,0,0,0,0,0,0,
273,-0.030642,1.202821,0.008773,-0.091736,0.034383,0.069205,0.99278,-0.103538,0.883211,0.390125,-0.085373,-0.091007,-0.124071,0.984396,0.02696,0.871551,0.397057,-0.061169,0.058495,0.228293,0.969907,1,0,0,0,0,0,0,0,0,0,0,
274,-0.043118,1.212667,0.004487,-0.149411,-0.04924,0.023686,0.987264,-0.103967,0.882519,0.3906,-0.085639,-0.09125,-0.123814,0.984383,0.026001,0.871276,0.396589,-0.062101,0.058181,0.235474,0.968148,1,0,0,0,0,0,0,0,0,0,0,
275,-0.031632,1.205907,0.009849,-0.112601,-0.000137,0.036473,0.992971,-0.103757,0.880992,0.391592,-0.085517,-0.091256,-0.124176,0.984347,0.02626,0.871101,0.396471,-0.062239,0.058118,0.23526,0.968195,1,0,0,0,0,0,0,0,0,0,0,
276,-0.033405,1.204659,0.01028,-0.102682,-0.00207,0.04177,0.993835,-0.103813,0.881252,0.391606,-0.085041,-0.090725,-0.125356,0.984288,0.026153,0.871281,0.396799,-0.061608,0.057518,0.234439,0.96847,0,0,0,0,0,0,0,1,0,0,0,
277,-0.032132,1.205887,0.009079,-0.109499,0.00084,0.039505,0.993201,-0.103807,0.881293,0.391678,-0.085346,-0.091171,-0.124774,0.984294,0.027221,0.872146,0.396397,-0.068134,0.060269,0.227449,0.969532,0,0,0,0,0,0,0,1,0,0,0,
278,-0.030708,1.204985,0.009083,-0.106917,0.005358,0.038883,0.993493,-0.103945,0.881243,0.391644,-0.08548,-0.091413,-0.124667,0.984274,0.02718,0.872575,0.396243,-0.065249,0.061313,0.22912,0.969272,0,0,0,0,0,0,0,1,0,0,0,
279,-0.020069,1.206634,0.006884,-0.109909,0.082649,0.070358,0.987997,-0.103815,0.881665,0.39123,-0.085822,-0.091508,-0.124388,0.984271,0.025916,0.871335,0.396158,-0.065014,0.059053,0.236811,0.967578,0,0,0,0,0,0,0,1,0,0,0,
280,-0.02726,1.208058,0.004996,-0.117435,0.047669,0.075591,0.989051,-0.103662,0.881852,0.390787,-0.085995,-0.090837,-0.125516,0.984175,0.025347,0.871143,0.396488,-0.064411,0.057831,0.239334,0.967071,0,0,0,0,0,0,0,1,0,0,0,
281,-0.027699,1.197134,0.013203,-0.060457,0.035619,0.066113,0.995342,-0.103722,0.882779,0.390442,-0.086103,-0.091206,-0.125099,0.984184,0.025452,0.871148,0.396672,-0.065076,0.0586,0.238526,0.96718,1,0,0,0,0,0,0,0,0,0,0,
282,-0.026388,1.202639,0.009018,-0.088423,0.042595,0.064934,0.993051,-0.10348,0.883679,0.389505,-0.086576,-0.091605,-0.124868,0.984135,0.025703,0.871392,0.396499,-0.065939,0.058877,0.238365,0.967144,1,0,0,0,0,0,0,0,0,0,0,
283,-0.025023,1.203868,0.007013,-0.0964,0.052872,0.067925,0.991614,-0.103487,0.883416,0.390031,-0.086628,-0.09162,-0.124784,0.984139,0.025491,0.871151,0.396863,-0.066241,0.058601,0.238743,0.967047,1,0,0,0,0,0,0,0,0,0,0,
284,-0.026052,1.203288,0.007084,-0.093583,0.050244,0.068668,0.991969,-0.10327,0.883037,0.389867,-0.086361,-0.091302,-0.125335,0.984122,0.025306,0.870908,0.396547,-0.066232,0.057585,0.240134,0.966764,0,0,0,0,0,0,0,1,0,0,0,
285,-0.02828,1.203255,0.007771,-0.094193,0.040866,0.068996,0.992319,-0.103929,0.881734,0.390785,-0.08694,-0.092014,-0.124583,0.984101,0.025447,0.871073,0.396157,-0.066924,0.058323,0.2392,0.966904,0,0,0,0,0,0,0,1,0,0,0,
286,-0.029557,1.203013,0.007954,-0.094203,0.034977,0.069574,0.992503,-0.103986,0.881741,0.39104,-0.086955,-0.092242,-0.124459,0.984094,0.025425,0.870936,0.396461,-0.067047,0.058177,0.239224,0.966898,1,0,0,0,0,0,0,0,0,0,0,
287,-0.029348,1.203857,0.006792,-0.094782,0.034887,0.069324,0.992468,-0.103846,0.881842,0.391067,-0.086335,-0.091666,-0.125294,0.984096,0.025234,0.871193,0.396109,-0.066635,0.057279,0.240246,0.966727,1,0,0,0,0,0,0,0,0,0,0,
288,-0.02949,1.202853,0.007625,-0.092953,0.034446,0.068572,0.992709,-0.104054,0.881816,0.391233,-0.086693,-0.092377,-0.1249,0.984048,0.025221,0.870899,0.396627,-0.067135,0.057578,0.23986,0.96677,1,0,0,0,0,0,0,0,0,0,0,
289,-0.029761,1.202591,0.008023,-0.091968,0.033945,0.068434,0.992828,-0.104112,0.881787,0.391225,-0.086767,-0.092571,-0.124706,0.984048,0.025377,0.870676,0.396785,-0.067565,0.057654,0.239366,0.966858,1,0,0,0,0,0,0,0,0,0,0,
290,-0.029478,1.203024,0.00883,-0.093513,0.03464,0.066477,0.992792,-0.104172,0.882056,0.391028,-0.08689,-0.092854,-0.124761,0.984004,0.025522,0.870833,0.39698,-0.066967,0.056901,0.236797,0.967577,1,0,0,0,0,0,0,0,0,0,0,
291,-0.030668,1.198251,0.010388,-0.068122,0.027964,0.068713,0.994915,-0.103789,0.882403,0.390393,-0.086015,-0.092073,-0.125705,0.984034,0.025311,0.870858,0.396643,-0.067049,0.055977,0.239773,0.966892,1,0,0,0,0,0,0,0,0,0,0,
292,-0.028928,1.199011,0.011242,-0.070582,0.028211,0.063531,0.995081,-0.103759,0.883823,0.389529,-0.086398,-0.092918,-0.124935,0.984019,0.025312,0.87132,0.396422,-0.067404,0.056522,0.238934,0.967043,1,0,0,0,0,0,0,0,0,0,0,
293,-0.027533,1.200439,0.009531,-0.078745,0.031777,0.058164,0.994689,-0.103743,0.884026,0.389409,-0.086824,-0.093459,-0.124337,0.984006,0.028746,0.872271,0.397513,-0.063444,0.065846,0.216527,0.971985,1,0,0,0,0,0,0,0,0,0,0,
294,-0.027527,1.201192,0.007828,-0.081868,0.033076,0.058517,0.994374,-0.103607,0.883827,0.389335,-0.08652,-0.092773,-0.125312,0.983974,0.027729,0.871659,0.396539,-0.06063,0.043125,0.211286,0.974588,1,0,0,0,0,0,0,0,0,0,0,
295,-0.030918,1.201938,0.006995,-0.087826,0.027802,0.064372,0.993665,0,0,0,0,0,0,0,0,0,0,0,0,0,0,1,0,0,0,0,0,0,0,0,0,0,
296,-0.031186,1.203453,0.008431,-0.095356,0.017865,0.059288,0.993515,0,0,0,0,0,0,0,0,0,0,0,0,0,0,1,0,0,0,0,0,0,0,0,0,0,