time,h_pos_x,h_pos_y,h_pos_z,h_rot_x,h_rot_y,h_rot_z,h_rot_w,l_pos_x,l_pos_y,l_pos_z,l_rot_x,l_rot_y,l_rot_z,l_rot_w,r_pos_x,r_pos_y,r_pos_z,r_rot_x,r_rot_y,r_rot_z,r_rot_w,pose_idle,pose_looking_up,pose_looking_down,pose_looking_left,pose_looking_right,pose_head_tilt_left,pose_head_tilt_right,pose_nodding,pose_shaking_no,pose_tilting_side,Cybersickness,
4,-0.007213,1.175943,-0.083881,0.220702,0.020715,-0.086779,-0.971252,-0.240845,0.709932,0.175294,0.065835,0.146303,0.176061,-0.971218,0.098234,0.722708,0.182951,-0.076184,0.100836,0.046876,-0.990874,1,0,0,0,0,0,0,0,0,0,0,
5,-0.031726,1.158304,-0.080141,0.105481,0.218494,-0.03425,-0.969516,-0.241341,0.708818,0.176166,0.064923,0.148541,0.17425,-0.971266,0.095087,0.723514,0.18123,-0.077479,0.107261,0.04093,-0.990362,1,0,0,0,0,0,0,0,0,0,0,
6,-0.000815,1.142526,-0.057597,-0.007062,0.072004,-0.025223,-0.99706,-0.242289,0.708034,0.176893,0.065453,0.14604,0.17316,-0.971804,0.096459,0.718871,0.183679,-0.063604,0.095337,0.006479,-0.99339,1,0,0,0,0,0,0,0,0,0,0,
7,0.022704,1.159804,-0.07065,0.01347,0.04704,0.032348,-0.998278,-0.272182,0.715768,0.206872,0.04844,0.198601,0.043282,-0.977925,0.132105,0.713211,0.27839,-0.030334,-0.00659,-0.009969,-0.999468,1,0,0,0,0,0,0,0,0,0,0,
8,-0.001746,1.121575,-0.038928,-0.084477,0.086074,-0.01441,-0.992596,-0.255116,0.720588,0.211296,0.085504,0.17865,0.084253,-0.976563,0.118894,0.715443,0.274046,-0.013375,-0.013899,-0.033163,-0.999264,1,0,0,0,0,0,0,0,0,0,0,
9,-0.001984,1.135538,-0.057889,-0.01381,0.076166,-0.033838,-0.996425,-0.261252,0.72252,0.209488,0.086574,0.196518,0.069951,-0.974163,0.125082,0.716251,0.279033,-0.017555,-0.029121,-0.032008,-0.998909,0,0,0,0,0,0,0,0,1,0,0,
10,0.014548,1.151269,-0.074187,0.062575,0.037988,0.008944,-0.997277,-0.276254,0.722796,0.223572,0.086414,0.22438,0.06179,-0.968694,0.128396,0.714387,0.281463,-0.034316,-0.032562,-0.025354,-0.998559,1,0,0,0,0,0,0,0,0,0,0,
11,0.011863,1.149067,-0.069344,0.068146,0.014848,-0.011946,-0.997493,-0.263788,0.71954,0.227412,0.094237,0.222401,0.134133,-0.961075,0.133648,0.714021,0.289196,-0.038682,-0.06567,-0.067401,-0.994811,1,0,0,0,0,0,0,0,0,0,0,
12,0.001648,1.146562,-0.068655,0.063658,0.019355,-0.036478,-0.997117,-0.264312,0.719179,0.227763,0.090867,0.224042,0.133738,-0.961074,0.128002,0.713801,0.286991,-0.040883,-0.052463,-0.075054,-0.994959,0,0,0,0,0,0,0,1,0,0,0,
13,-0.004037,1.149224,-0.067285,0.08997,0.039175,-0.032897,-0.99463,-0.262461,0.718415,0.227862,0.09155,0.220352,0.137186,-0.961376,0.126172,0.710441,0.286958,-0.042641,-0.043628,-0.08252,-0.99472,0,0,0,0,0,0,0,1,0,0,0,
14,-0.003924,1.150178,-0.071709,0.093968,0.039266,-0.032019,-0.994285,-0.262639,0.718536,0.227316,0.092531,0.220883,0.135868,-0.961347,0.12586,0.70703,0.28745,-0.043625,-0.038482,-0.086704,-0.994534,0,0,0,0,0,0,0,1,0,0,0,
15,-0.000195,1.153486,-0.073983,0.118563,0.036286,-0.029165,-0.991855,-0.261815,0.718266,0.227007,0.093367,0.220403,0.137272,-0.961177,0.12416,0.705886,0.286908,-0.044415,-0.032131,-0.093073,-0.994149,0,0,0,0,0,0,0,1,0,0,0,
16,0.004099,1.152363,-0.072251,0.115014,0.007685,-0.028344,-0.99293,-0.260775,0.718533,0.226346,0.094789,0.219789,0.140321,-0.960738,0.124352,0.702785,0.287453,-0.046502,-0.029273,-0.095679,-0.993895,0,0,0,0,0,0,0,1,0,0,0,
17,-0.002519,1.14712,-0.067448,0.083724,0.023353,-0.037505,-0.995509,-0.260557,0.718581,0.22627,0.094791,0.220848,0.140989,-0.960397,0.124282,0.701013,0.287572,-0.049994,-0.026374,-0.097913,-0.993588,0,0,0,0,0,0,0,1,0,0,0,
18,-0.001125,1.14429,-0.05843,0.066647,0.039933,-0.019009,-0.996796,-0.260842,0.718827,0.226264,0.094618,0.221961,0.140384,-0.960246,0.12213,0.700465,0.286404,-0.051162,-0.022223,-0.104883,-0.992919,0,0,0,0,0,0,0,1,0,0,0,
19,-0.005013,1.145651,-0.064316,0.056046,0.094403,-0.002466,-0.993952,-0.261473,0.719081,0.22681,0.094987,0.222422,0.140431,-0.960096,0.122823,0.702116,0.286322,-0.049238,-0.023461,-0.105121,-0.992963,0,0,0,0,0,0,0,1,0,0,0,
20,0.005171,1.146521,-0.068327,0.064824,0.050509,-0.006242,-0.996598,-0.260666,0.718524,0.226967,0.09617,0.220395,0.137665,-0.960847,0.1229,0.701531,0.287325,-0.050149,-0.025409,-0.104423,-0.992943,1,0,0,0,0,0,0,0,0,0,0,
21,-0.00098,1.148659,-0.072608,0.073897,0.060462,-0.015485,-0.995311,-0.260367,0.71874,0.227204,0.096416,0.216023,0.137396,-0.961852,0.123046,0.702025,0.287284,-0.044769,-0.02852,-0.106955,-0.992846,1,0,0,0,0,0,0,0,0,0,0,
22,-0.004666,1.149168,-0.076984,0.079976,0.078432,-0.019009,-0.993524,-0.259277,0.719042,0.226365,0.095765,0.213853,0.138374,-0.962262,0.122793,0.701878,0.286871,-0.044783,-0.026195,-0.108283,-0.992765,1,0,0,0,0,0,0,0,0,0,0,
23,-0.005482,1.148997,-0.075681,0.082115,0.095722,-0.008268,-0.991981,-0.259061,0.718534,0.227161,0.094956,0.212768,0.138197,-0.962608,0.121469,0.701469,0.286961,-0.045095,-0.024542,-0.110211,-0.992581,1,0,0,0,0,0,0,0,0,0,0,
24,-0.000349,1.131599,-0.055293,-0.013567,0.066458,-0.022342,-0.997447,-0.258431,0.718292,0.227136,0.095364,0.211179,0.139585,-0.962718,0.122172,0.701556,0.28699,-0.044473,-0.0242,-0.111602,-0.992462,1,0,0,0,0,0,0,0,0,0,0,
25,-0.05944,1.157805,-0.103454,0.139038,0.453418,0.069035,-0.877676,-0.256695,0.718929,0.226322,0.095705,0.210314,0.141147,-0.962646,0.121251,0.701712,0.285646,-0.044812,-0.021023,-0.113739,-0.992277,1,0,0,0,0,0,0,0,0,0,0,
26,-0.027242,1.176986,-0.096684,0.293041,0.253247,0.061419,-0.919903,-0.255679,0.719887,0.224838,0.095469,0.2093,0.140578,-0.962973,0.118586,0.700815,0.287011,-0.045174,-0.020774,-0.116307,-0.991968,1,0,0,0,0,0,0,0,0,0,0,
27,0.024942,1.156985,-0.068327,0.162017,-0.134033,-0.032504,-0.977103,-0.256272,0.721246,0.224798,0.095617,0.207607,0.143021,-0.962965,0.117969,0.700425,0.286301,-0.044686,-0.01847,-0.119986,-0.991597,0,1,0,0,0,0,0,0,0,0,0,
28,-0.032688,1.181726,-0.129027,0.418816,-0.113137,-0.179001,-0.883036,-0.256694,0.721855,0.226356,0.09613,0.207567,0.140678,-0.963268,0.118954,0.7,0.285928,-0.049071,-0.024105,-0.120687,-0.991184,0,1,0,0,0,0,0,0,0,0,0,
29,-0.006257,1.128032,-0.053372,-0.032704,0.018866,-0.069787,-0.996847,-0.256272,0.72041,0.226692,0.093902,0.204686,0.142491,-0.963837,0.117657,0.702359,0.286992,-0.047622,-0.020298,-0.117927,-0.991672,1,0,0,0,0,0,0,0,0,0,0,
30,0.004248,1.142302,-0.060035,0.038754,0.017409,-0.023812,-0.998813,-0.254874,0.720188,0.226272,0.093521,0.202075,0.145327,-0.964002,0.118465,0.700726,0.287581,-0.045794,-0.018971,-0.119318,-0.991618,0,0,0,0,0,0,0,1,0,0,0,
31,0.001015,1.174562,-0.100318,0.260496,0.026198,-0.025778,-0.964775,-0.25585,0.717669,0.226419,0.093917,0.202398,0.145216,-0.963912,0.117353,0.699088,0.286667,-0.045389,-0.017284,-0.120732,-0.991496,0,0,0,0,0,0,0,1,0,0,0,
32,0.051136,1.145317,-0.067382,0.066483,-0.242146,-0.044436,-0.966939,-0.257158,0.718382,0.227115,0.094246,0.201818,0.145411,-0.963972,0.116317,0.700077,0.287447,-0.042975,-0.01601,-0.12375,-0.991253,0,0,0,0,0,0,0,1,0,0,0,
33,0.055368,1.159841,-0.079138,0.162497,-0.272465,-0.041221,-0.947448,-0.254851,0.718407,0.229039,0.09449,0.201252,0.146757,-0.963863,0.115009,0.700468,0.286443,-0.041339,-0.013598,-0.125362,-0.991156,0,0,0,0,0,0,0,1,0,0,0,
34,0.020235,1.161312,-0.073867,0.169604,-0.04054,0.012421,-0.9846,-0.255363,0.719174,0.226115,0.094785,0.201015,0.146557,-0.963914,0.11426,0.70132,0.283956,-0.041962,-0.010392,-0.124684,-0.991254,0,0,0,0,0,0,0,1,0,0,0,
35,-0.033589,1.142945,-0.053344,0.069261,0.182811,0.008207,-0.980671,-0.254381,0.718515,0.228337,0.095006,0.198787,0.148636,-0.964036,0.11597,0.700542,0.285547,-0.040492,-0.011598,-0.128533,-0.99081,0,0,0,0,0,0,0,0,1,0,0,
36,-0.00032,1.16086,-0.072625,0.168147,0.045934,0.003526,-0.984685,-0.253958,0.718641,0.227055,0.09534,0.197974,0.149493,-0.964038,0.11546,0.701018,0.284743,-0.039968,-0.011548,-0.129378,-0.990722,1,0,0,0,0,0,0,0,0,0,0,
37,-0.010102,1.153455,-0.061987,0.130803,0.08292,-0.008839,-0.987895,-0.25448,0.717587,0.227524,0.095316,0.198345,0.149477,-0.963966,0.114672,0.699,0.285594,-0.038982,-0.008909,-0.132588,-0.990364,1,0,0,0,0,0,0,0,0,0,0,
38,-0.04446,1.159748,-0.090095,0.170228,0.332272,0.03738,-0.926941,-0.253166,0.716983,0.227718,0.095925,0.197391,0.150603,-0.963926,0.114021,0.700304,0.285695,-0.037804,-0.010159,-0.133582,-0.990264,1,0,0,0,0,0,0,0,0,0,0,
39,-0.000973,1.133355,-0.040654,0.012974,0.059642,0.003784,-0.998128,-0.254384,0.716927,0.227803,0.096057,0.19527,0.150048,-0.964432,0.115727,0.699882,0.285386,-0.036803,-0.012259,-0.135057,-0.990078,1,0,0,0,0,0,0,0,0,0,0,
40,-0.003561,1.108833,-0.016715,-0.09046,0.062718,0.000168,-0.993923,-0.254586,0.716556,0.227536,0.095867,0.195391,0.153477,-0.963886,0.116305,0.699942,0.285015,-0.035203,-0.011296,-0.136055,-0.990011,0,0,0,0,0,0,0,0,1,0,0,
41,0.006538,1.165034,-0.072742,0.188008,0.078417,0.043172,-0.97808,-0.253971,0.716407,0.227593,0.095941,0.195294,0.154031,-0.96381,0.114347,0.699341,0.28496,-0.034509,-0.008604,-0.138095,-0.98978,0,0,0,0,0,0,0,0,1,0,0,
42,0.027018,1.144091,-0.044572,0.079397,0.009273,0.080182,-0.99357,-0.253989,0.71616,0.2276,0.094705,0.194681,0.154457,-0.963988,0.112893,0.698711,0.284932,-0.035807,-0.004321,-0.139202,-0.989607,0,0,0,0,0,0,0,1,0,0,0,
43,0.037249,1.149529,-0.051005,0.104928,-0.132948,-0.025148,-0.985232,-0.254873,0.716817,0.227415,0.094787,0.195711,0.155794,-0.963556,0.112287,0.69872,0.284701,-0.036787,-0.002586,-0.139559,-0.989527,0,0,0,0,0,0,0,1,0,0,0,
44,-0.001235,1.154219,-0.054013,0.132612,-0.06504,-0.108754,-0.983034,-0.253701,0.71884,0.226365,0.095325,0.196046,0.156388,-0.963339,0.111592,0.698614,0.28389,-0.036023,-0.002232,-0.14233,-0.989161,0,0,0,0,0,0,0,1,0,0,0,
45,0.008941,1.112791,-0.02679,-0.093829,-0.004447,-0.00597,-0.995561,-0.253921,0.716794,0.228804,0.094759,0.194367,0.156984,-0.963638,0.111218,0.698655,0.284609,-0.036307,-6.40E-05,-0.14202,-0.989198,1,0,0,0,0,0,0,0,0,0,0,
46,0.013747,1.159763,-0.06924,0.148363,-0.000113,-4.50E-05,-0.988933,-0.25475,0.717135,0.227661,0.09571,0.196782,0.154695,-0.963424,0.112257,0.699191,0.284285,-0.035697,-0.002046,-0.142387,-0.989165,0,0,0,0,0,0,0,1,0,0,0,
47,0.008725,1.179188,-0.104036,0.293466,-0.005789,-0.021927,-0.955701,-0.254279,0.71826,0.226255,0.095018,0.198756,0.153648,-0.963255,0.111555,0.698392,0.282675,-0.03732,-0.000999,-0.141987,-0.989164,0,0,0,0,0,0,0,1,0,0,0,
48,0.043214,1.160049,-0.062695,0.15454,-0.263016,-0.094722,-0.947612,-0.253988,0.719718,0.228379,0.094478,0.196401,0.155585,-0.96348,0.11063,0.699539,0.284507,-0.037699,-0.000499,-0.14197,-0.989153,0,1,0,0,0,0,0,0,0,0,0,
49,-0.030674,1.160985,-0.055616,0.200337,0.107112,-0.025487,-0.973521,-0.252955,0.717686,0.227661,0.095733,0.194118,0.158897,-0.963278,0.112172,0.699223,0.283181,-0.035312,7.50E-05,-0.144975,-0.988805,0,1,0,0,0,0,0,0,0,0,0,
50,-0.039053,1.164263,-0.07653,0.192198,0.330743,0.082267,-0.920273,-0.25299,0.717631,0.22835,0.094762,0.195137,0.157978,-0.963319,0.11283,0.700307,0.283945,-0.035345,-0.000543,-0.144766,-0.988834,0,1,0,0,0,0,0,0,0,0,0,
51,0.006609,1.136985,-0.031655,0.045231,0.018663,0.008398,-0.998767,-0.254439,0.715877,0.22887,0.095103,0.194106,0.158346,-0.963434,0.112962,0.700025,0.283379,-0.03441,-0.001213,-0.143873,-0.988997,1,0,0,0,0,0,0,0,0,0,0,
52,0.001244,1.135905,-0.025108,0.044607,0.023537,-0.003476,-0.998721,-0.252754,0.717003,0.228784,0.095164,0.192626,0.160188,-0.96342,0.1131,0.701604,0.283444,-0.034388,-0.002727,-0.144246,-0.98894,1,0,0,0,0,0,0,0,0,0,0,
53,-0.019051,1.144015,-0.04309,0.077763,0.148522,0.01549,-0.985725,-0.253365,0.716635,0.228676,0.094584,0.193848,0.160668,-0.963153,0.113927,0.699653,0.284708,-0.034686,-0.00324,-0.142743,-0.989147,1,0,0,0,0,0,0,0,0,0,0,
54,-0.034185,1.161199,-0.07151,0.159376,0.34398,0.1309,-0.916047,-0.252662,0.715143,0.22905,0.094581,0.193345,0.160748,-0.96324,0.112993,0.701536,0.284455,-0.033677,-0.002444,-0.14314,-0.989126,1,0,0,0,0,0,0,0,0,0,0,
55,0.015157,1.120348,-0.02383,-0.044555,0.015531,0.021069,-0.998664,-0.254232,0.715237,0.228883,0.094907,0.192999,0.161734,-0.963113,0.114648,0.700798,0.284545,-0.033223,-0.004171,-0.141995,-0.989301,1,0,0,0,0,0,0,0,0,0,0,
56,-0.000249,1.119562,-0.013843,-0.035653,0.06002,0.005272,-0.997546,-0.253858,0.715605,0.22856,0.093895,0.192259,0.162062,-0.963305,0.113331,0.699453,0.284232,-0.034438,-0.001153,-0.143108,-0.989107,0,0,0,0,0,0,0,0,1,0,0,
57,0.006071,1.146173,-0.040017,0.085925,0.060969,0.020575,-0.994221,-0.253746,0.715341,0.230492,0.093389,0.193013,0.161728,-0.96326,0.112389,0.6992,0.286202,-0.035534,-0.000382,-0.143324,-0.989038,1,0,0,0,0,0,0,0,0,0,0,
58,0.029758,1.139264,-0.03792,0.055722,-0.019539,0.043925,-0.997288,-0.254021,0.715539,0.228401,0.095153,0.193955,0.162035,-0.962846,0.112524,0.699925,0.284015,-0.033031,0.000402,-0.144033,-0.989021,0,0,0,0,0,0,0,1,0,0,0,
59,0.036712,1.140108,-0.035537,0.061236,-0.121562,-0.039382,-0.98991,-0.254299,0.715766,0.227903,0.093744,0.193667,0.163418,-0.962808,0.111589,0.699296,0.283563,-0.033425,0.003719,-0.145463,-0.988792,0,0,0,0,0,0,0,1,0,0,0,
60,0.014763,1.142689,-0.034687,0.07327,-0.068705,-0.071291,-0.992385,-0.254286,0.716436,0.227981,0.093864,0.193855,0.16325,-0.962787,0.111202,0.699513,0.283187,-0.033819,0.004373,-0.146242,-0.988661,0,0,0,0,0,0,0,0,1,0,0,
61,0.007941,1.108045,-0.026441,-0.113552,0.013122,-0.019318,-0.993258,-0.252982,0.717119,0.227727,0.093111,0.192673,0.163257,-0.963096,0.11085,0.699555,0.282803,-0.034731,0.004929,-0.145469,-0.988741,0,0,0,0,0,0,0,0,1,0,0,
62,0.006809,1.157098,-0.061926,0.148516,0.017243,-0.02065,-0.988544,-0.253474,0.716296,0.227753,0.093302,0.194568,0.163732,-0.962616,0.111203,0.699452,0.282813,-0.033741,0.005505,-0.146714,-0.988588,1,0,0,0,0,0,0,0,0,0,0,
63,0.009796,1.161313,-0.068612,0.176105,-0.006932,-0.03066,-0.983869,-0.253644,0.715886,0.2278,0.093746,0.194101,0.163008,-0.96279,0.111513,0.698832,0.283227,-0.033466,0.004817,-0.146409,-0.988646,1,0,0,0,0,0,0,0,0,0,0,
64,0.03549,1.158961,-0.067359,0.162394,-0.141207,-0.031963,-0.976047,-0.253899,0.716225,0.227469,0.092712,0.193363,0.162491,-0.963126,0.109516,0.698584,0.282388,-0.035062,0.007155,-0.146446,-0.988571,0,1,0,0,0,0,0,0,0,0,0,
65,0.01035,1.169458,-0.079179,0.224708,-0.010829,-0.02776,-0.97397,-0.253763,0.716429,0.227175,0.094106,0.194855,0.161889,-0.962791,0.110828,0.698904,0.28241,-0.033835,0.006097,-0.148088,-0.988376,0,1,0,0,0,0,0,0,0,0,0,
66,-0.02089,1.161505,-0.071049,0.177197,0.185112,0.018025,-0.966442,-0.25307,0.715771,0.228307,0.092289,0.195044,0.163672,-0.962628,0.11159,0.698058,0.282783,-0.034721,0.007033,-0.147683,-0.9884,0,1,0,0,0,0,0,0,0,0,0,
67,0.003969,1.146999,-0.04865,0.087296,0.048073,0.001921,-0.99502,-0.255605,0.715528,0.228801,0.086745,0.199647,0.164102,-0.962126,0.110333,0.69882,0.28288,-0.033842,0.007688,-0.14878,-0.988261,1,0,0,0,0,0,0,0,0,0,0,
68,-0.002135,1.147065,-0.044717,0.100686,0.058488,-0.003243,-0.993192,-0.255791,0.714927,0.229125,0.08562,0.201036,0.162807,-0.962158,0.108341,0.698012,0.281867,-0.036658,0.012294,-0.150032,-0.987925,1,0,0,0,0,0,0,0,0,0,0,
69,-0.050015,1.141619,-0.059827,0.074337,0.268514,-0.015433,-0.960279,-0.258985,0.71375,0.231255,0.077078,0.213371,0.161694,-0.96041,0.109862,0.698161,0.282571,-0.043779,0.006359,-0.152279,-0.987347,1,0,0,0,0,0,0,0,0,0,0,
70,0.009553,1.153311,-0.044751,0.119109,0.18225,0.171181,-0.960883,-0.259755,0.714321,0.229832,0.075374,0.221745,0.162895,-0.958443,0.11045,0.699845,0.281307,-0.044029,0.005636,-0.155682,-0.986809,1,0,0,0,0,0,0,0,0,0,0,
71,0.011555,1.117207,-0.017803,-0.055004,0.036715,0.02718,-0.997441,-0.261095,0.714873,0.230393,0.077388,0.21965,0.156975,-0.959752,0.108977,0.697492,0.282684,-0.042909,0.00646,-0.160696,-0.98605,0,0,0,0,0,0,0,0,1,0,0,
72,0.004388,1.143755,-0.039751,0.070497,0.068754,0.015175,-0.995024,-0.261315,0.715586,0.229861,0.080048,0.222865,0.157109,-0.95877,0.108225,0.69663,0.282083,-0.043389,0.00967,-0.162118,-0.98577,0,0,0,0,0,0,0,0,1,0,0,
73,0.008986,1.148643,-0.045986,0.094946,0.072142,0.040599,-0.992035,-0.260885,0.715566,0.230044,0.079868,0.222383,0.157425,-0.958845,0.108021,0.696249,0.282522,-0.043448,0.010397,-0.16299,-0.985616,1,0,0,0,0,0,0,0,0,0,0,
74,0.004649,1.145758,-0.043811,0.082998,0.069019,0.026232,-0.993811,-0.261223,0.71548,0.229181,0.079133,0.222539,0.156818,-0.958969,0.108083,0.696963,0.280957,-0.043121,0.010825,-0.163106,-0.985606,1,0,0,0,0,0,0,0,0,0,0,
75,0.002852,1.154605,-0.04928,0.141865,-0.094556,-0.138549,-0.97557,-0.262317,0.716346,0.228874,0.079736,0.223699,0.156937,-0.95863,0.106186,0.695861,0.281266,-0.043577,0.012457,-0.165826,-0.985113,0,0,0,0,0,0,0,0,1,0,0,
76,0.001483,1.144165,-0.039782,0.076762,-0.009391,-0.052995,-0.995596,-0.262784,0.716632,0.229192,0.078792,0.226745,0.155746,-0.958187,0.106848,0.69554,0.281897,-0.043544,0.012231,-0.165885,-0.985107,0,0,0,0,0,0,0,0,1,0,0,
77,0.000182,1.139327,-0.036226,0.046975,0.026796,-0.023124,-0.998269,-0.262914,0.715745,0.229751,0.079504,0.226158,0.157296,-0.958014,0.106735,0.695445,0.281623,-0.043258,0.01373,-0.166107,-0.985063,1,0,0,0,0,0,0,0,0,0,0,
78,-0.014436,1.150097,-0.05178,0.105296,0.09409,-0.023466,-0.989702,-0.262526,0.716399,0.229441,0.079271,0.227757,0.154429,-0.95812,0.107077,0.695802,0.281169,-0.043638,0.013553,-0.16723,-0.984859,1,0,0,0,0,0,0,0,0,0,0,
79,-0.006073,1.146719,-0.049069,0.090898,0.034416,-0.046887,-0.99416,-0.263114,0.716289,0.229562,0.079531,0.229919,0.151904,-0.957986,0.106762,0.69529,0.281395,-0.044574,0.014451,-0.165901,-0.985028,0,0,0,0,0,0,0,0,1,0,0,
80,-0.003985,1.153053,-0.048701,0.143622,-0.060909,-0.095053,-0.983172,-0.265273,0.717393,0.228346,0.079051,0.235464,0.152294,-0.956616,0.10465,0.69334,0.280508,-0.047846,0.018537,-0.168901,-0.984296,0,0,0,0,0,0,0,0,1,0,0,
81,-0.015283,1.165974,-0.068593,0.221318,0.090017,-0.008065,-0.971005,-0.266471,0.717867,0.228206,0.078973,0.244412,0.150265,-0.954697,0.105254,0.693236,0.280165,-0.047737,0.020321,-0.168564,-0.984324,0,0,0,0,0,0,0,0,1,0,0,
82,-0.016531,1.161318,-0.061512,0.193267,0.136209,0.026236,-0.971291,-0.26758,0.717882,0.228335,0.078572,0.248722,0.144552,-0.954499,0.105102,0.692885,0.279988,-0.048366,0.022604,-0.168515,-0.984252,0,1,0,0,0,0,0,0,0,0,0,
83,-0.025516,1.150333,-0.047692,0.138241,0.131876,0.013832,-0.981482,-0.267095,0.71805,0.228877,0.078653,0.246079,0.143741,-0.9553,0.105766,0.693516,0.28054,-0.047403,0.019898,-0.169541,-0.984181,1,0,0,0,0,0,0,0,0,0,0,
84,-0.030216,1.151491,-0.052346,0.143473,0.144574,-0.000989,-0.979037,-0.267095,0.718129,0.228972,0.078728,0.245492,0.143633,-0.955461,0.106675,0.692632,0.280804,-0.047615,0.020321,-0.169602,-0.984152,1,0,0,0,0,0,0,0,0,0,0,
85,-0.059457,1.150194,-0.06524,0.139858,0.298301,0.023988,-0.943865,-0.266826,0.718374,0.229875,0.078369,0.245588,0.142727,-0.955601,0.10607,0.693485,0.280909,-0.048741,0.022008,-0.171106,-0.9838,0,1,0,0,0,0,0,0,0,0,0,
86,-0.02559,1.152802,-0.053728,0.138122,0.206124,0.050165,-0.967429,-0.26651,0.718763,0.228822,0.078674,0.24529,0.141465,-0.95584,0.105366,0.694565,0.279592,-0.050413,0.023487,-0.170239,-0.983832,0,1,0,0,0,0,0,0,0,0,0,
87,-0.025336,1.130629,-0.036861,0.008599,0.136158,-0.016544,-0.990512,-0.267025,0.718418,0.229436,0.080598,0.243438,0.144309,-0.955728,0.105627,0.6939,0.280479,-0.047807,0.022551,-0.173064,-0.983491,1,0,0,0,0,0,0,0,0,0,0,
88,-0.012462,1.145702,-0.048321,0.082718,0.105746,-0.002016,-0.990945,-0.266882,0.718371,0.229156,0.079999,0.244052,0.143631,-0.955724,0.105335,0.693469,0.280255,-0.048444,0.024433,-0.172176,-0.983571,0,0,0,0,0,0,0,0,1,0,0,
89,0.010775,1.149778,-0.047215,0.103827,0.044343,0.053734,-0.992152,-0.267917,0.719124,0.22866,0.081322,0.247884,0.142861,-0.954741,0.104808,0.693503,0.28071,-0.049223,0.025911,-0.173111,-0.98333,0,0,0,0,0,0,0,0,1,0,0,
90,0.02654,1.146565,-0.046024,0.09471,-0.031152,0.054914,-0.993501,-0.268858,0.720277,0.227979,0.084249,0.253626,0.141719,-0.953148,0.104823,0.693567,0.280219,-0.048942,0.026563,-0.173983,-0.983173,1,0,0,0,0,0,0,0,0,0,1,"Increased heart rate, pressing lips, quiet, folded hands =, put down controllers"
91,0.016873,1.161891,-0.060412,0.1842,-0.149768,-0.098359,-0.966419,-0.269089,0.721202,0.228863,0.082806,0.25665,0.14287,-0.952293,0.102534,0.693193,0.278933,-0.050035,0.029429,-0.175475,-0.982771,1,0,0,0,0,0,0,0,0,0,1,
92,0.011383,1.141935,-0.048446,0.058359,-0.011094,0.005922,-0.998217,-0.268714,0.722115,0.225989,0.083675,0.256823,0.141613,-0.952358,0.103386,0.692775,0.278999,-0.049831,0.03085,-0.175702,-0.982697,1,0,0,0,0,0,0,0,0,0,1,
93,0.007308,1.16339,-0.06248,0.193317,0.012473,0.004982,-0.981044,-0.268744,0.72085,0.227771,0.084347,0.255138,0.143952,-0.952401,0.103202,0.692381,0.279371,-0.051239,0.03363,-0.174178,-0.982805,1,0,0,0,0,0,0,0,0,0,1,
94,0.001427,1.178894,-0.100157,0.294213,0.044532,-0.014241,-0.954596,-0.269232,0.722509,0.225008,0.083959,0.257673,0.136366,-0.952869,0.102189,0.69481,0.278035,-0.051828,0.030257,-0.169484,-0.983704,1,0,0,0,0,0,0,0,0,0,1,
95,-0.009741,1.162973,-0.07068,0.18066,0.057457,-0.040853,-0.981016,-0.268291,0.722452,0.225733,0.085872,0.254679,0.136775,-0.953445,0.102057,0.698745,0.275862,-0.05189,0.031308,-0.170381,-0.983513,0,1,0,0,0,0,0,0,0,0,1,
96,-0.006248,1.15917,-0.065777,0.157692,0.029618,-0.045109,-0.986013,-0.268593,0.721485,0.22708,0.083391,0.25387,0.138174,-0.953679,0.102089,0.698402,0.276781,-0.051635,0.031215,-0.170448,-0.983518,0,1,0,0,0,0,0,0,0,0,1,
97,-0.009016,1.163059,-0.076119,0.181526,0.075916,-0.017656,-0.980292,-0.268818,0.720458,0.227652,0.08478,0.252469,0.139633,-0.953716,0.102343,0.697656,0.276907,-0.050828,0.03219,-0.170583,-0.983505,0,1,0,0,0,0,0,0,0,0,1,
98,-0.011274,1.15631,-0.072173,0.144608,0.11044,-0.000491,-0.983306,-0.267912,0.719717,0.227956,0.083847,0.249846,0.140927,-0.954299,0.103328,0.695409,0.27749,-0.050581,0.032081,-0.171698,-0.983327,0,1,0,0,0,0,0,0,0,0,1,
99,0.007496,1.154589,-0.0668,0.13226,0.046014,0.021287,-0.989918,-0.267371,0.719454,0.228141,0.084057,0.248315,0.143154,-0.954348,0.104247,0.69349,0.279161,-0.048749,0.03282,-0.173631,-0.983056,1,0,0,0,0,0,0,0,0,0,1,
100,-0.000504,1.153524,-0.066013,0.127752,0.057718,0.00101,-0.990125,-0.266344,0.719126,0.2288,0.082862,0.244682,0.144014,-0.955262,0.103625,0.692686,0.279285,-0.049493,0.034373,-0.174497,-0.982812,1,0,0,0,0,0,0,0,0,0,1,
101,-0.009772,1.140004,-0.047459,0.051349,0.095749,0.004553,-0.99407,-0.265453,0.718891,0.228626,0.085928,0.242014,0.153008,-0.954272,0.103484,0.693057,0.278549,-0.049218,0.036301,-0.175598,-0.982561,1,0,0,0,0,0,0,0,0,0,1,
102,0.000431,1.140234,-0.045435,0.049309,0.061584,0.011092,-0.996821,-0.266598,0.71877,0.228903,0.083861,0.24287,0.1492,-0.954841,0.103224,0.693187,0.278967,-0.050436,0.036621,-0.174653,-0.982655,1,0,0,0,0,0,0,0,0,0,1,
103,-0.000112,1.123749,-0.028957,-0.034499,0.046868,-0.004077,-0.998297,-0.266182,0.719355,0.228749,0.08317,0.241333,0.150504,-0.955086,0.103405,0.693551,0.278934,-0.049252,0.036543,-0.175003,-0.982656,1,0,0,0,0,0,0,0,0,0,1,
104,0.002488,1.137898,-0.041933,0.034803,0.053343,0.012148,-0.997896,-0.265786,0.719144,0.228928,0.083591,0.240924,0.149609,-0.955293,0.102705,0.6933,0.278801,-0.051461,0.038036,-0.174481,-0.982579,1,0,0,0,0,0,0,0,0,0,1,
105,0.016058,1.141098,-0.041126,0.051286,0.050722,0.071185,-0.994852,-0.265403,0.718689,0.228718,0.084106,0.240086,0.151409,-0.955176,0.103288,0.69369,0.278625,-0.050365,0.037965,-0.17528,-0.982496,1,0,0,0,0,0,0,0,0,0,1,
106,0.012616,1.141699,-0.043775,0.055231,0.011141,0.001425,-0.99841,-0.2659,0.718831,0.228439,0.084268,0.24032,0.150876,-0.955187,0.1026,0.693263,0.27814,-0.050942,0.039599,-0.176674,-0.982152,1,0,0,0,0,0,0,0,0,0,1,
107,-6.90E-05,1.144628,-0.049631,0.070226,0.022533,-0.04399,-0.996306,-0.265973,0.719328,0.228784,0.084292,0.240785,0.149395,-0.9553,0.102341,0.693201,0.278234,-0.050912,0.039953,-0.177297,-0.982027,1,0,0,0,0,0,0,0,0,0,1,
108,0.005045,1.141369,-0.046495,0.05732,0.018512,-0.019645,-0.997991,-0.264971,0.719222,0.228164,0.085598,0.239499,0.151296,-0.955208,0.101381,0.692581,0.277561,-0.051219,0.042722,-0.177726,-0.981817,1,0,0,0,0,0,0,0,0,0,1,
109,0.008484,1.148836,-0.052057,0.095356,0.007845,-0.015454,-0.995292,-0.264641,0.719673,0.227976,0.087351,0.238444,0.153972,-0.954886,0.101802,0.692964,0.277704,-0.051172,0.042516,-0.178102,-0.98176,0,0,0,0,0,0,0,1,0,0,1,
110,0.009772,1.151695,-0.054752,0.114557,0.007596,-0.012978,-0.993303,-0.265097,0.719592,0.228122,0.08567,0.238759,0.151415,-0.955368,0.102012,0.693024,0.277919,-0.050497,0.04229,-0.178419,-0.981748,0,0,0,0,0,0,0,1,0,0,1,
111,0.020473,1.157761,-0.060535,0.151082,-0.056548,-0.025371,-0.986576,-0.265256,0.719694,0.227501,0.085437,0.239133,0.150242,-0.955481,0.101441,0.692522,0.277577,-0.051729,0.043472,-0.177842,-0.981737,0,0,0,0,0,0,0,1,0,0,0,
112,0.008412,1.15551,-0.058098,0.143057,-0.006111,-0.021147,-0.98947,-0.265169,0.720097,0.227202,0.085192,0.239792,0.149964,-0.955381,0.100755,0.692072,0.276979,-0.051461,0.044152,-0.179786,-0.981366,0,0,0,0,0,0,0,1,0,0,0,
113,-0.007306,1.155313,-0.058479,0.139641,0.093456,0.012643,-0.985701,-0.265039,0.719268,0.227984,0.085831,0.239582,0.150677,-0.955264,0.101645,0.692017,0.277226,-0.050722,0.043713,-0.180277,-0.981334,0,1,0,0,0,0,0,0,0,0,0,
114,-0.020544,1.154655,-0.060847,0.142139,0.170876,0.025345,-0.974657,-0.265064,0.718811,0.228736,0.085558,0.238852,0.1506,-0.955484,0.101449,0.691549,0.277473,-0.051879,0.043921,-0.179304,-0.981443,0,1,0,0,0,0,0,0,0,0,0,
115,-0.01463,1.147265,-0.049551,0.102723,0.100848,-0.010675,-0.989527,-0.264859,0.719184,0.228423,0.086333,0.238197,0.150435,-0.955603,0.101444,0.691092,0.277782,-0.052588,0.044547,-0.180707,-0.981119,1,0,0,0,0,0,0,0,0,0,0,
116,-0.006766,1.154634,-0.061466,0.135389,0.082293,-0.008836,-0.98733,-0.264882,0.719421,0.228453,0.086274,0.238001,0.148855,-0.955905,0.102699,0.691859,0.278466,-0.052416,0.03886,-0.183547,-0.980843,1,0,0,0,0,0,0,0,0,0,0,
117,-0.01174,1.153612,-0.065265,0.131466,0.125534,0.007815,-0.983309,-0.264732,0.719132,0.228637,0.087141,0.237032,0.149361,-0.955988,0.102298,0.691191,0.278407,-0.05583,0.037756,-0.186138,-0.980209,1,0,0,0,0,0,0,0,0,0,0,
118,-0.002459,1.137244,-0.044114,0.04191,0.064418,-0.006257,-0.997023,-0.264693,0.718661,0.228202,0.085116,0.235058,0.147456,-0.956953,0.103803,0.691473,0.279294,-0.055352,0.035242,-0.183071,-0.980907,1,0,0,0,0,0,0,0,0,0,0,
119,-0.004407,1.119047,-0.028209,-0.05248,0.062513,-0.011122,-0.996601,-0.265392,0.719658,0.228466,0.085779,0.236703,0.147014,-0.956557,0.102852,0.691617,0.278783,-0.054221,0.037518,-0.187162,-0.980114,1,0,0,0,0,0,0,0,0,0,0,
120,-0.001046,1.118267,-0.02469,-0.055161,0.054397,-0.000326,-0.996994,-0.265354,0.719251,0.229005,0.085409,0.235735,0.147747,-0.956716,0.102222,0.691507,0.278949,-0.053675,0.038984,-0.188684,-0.979795,0,0,0,0,0,0,0,1,0,0,0,
121,0.004774,1.11836,-0.023352,-0.054336,0.042028,0.011177,-0.997575,-0.264807,0.719649,0.228905,0.085182,0.234961,0.148364,-0.956831,0.102009,0.691429,0.279091,-0.053707,0.039448,-0.188821,-0.979748,0,0,0,0,0,0,0,1,0,0,0,
122,0.005848,1.120153,-0.023699,-0.048175,0.037348,0.013383,-0.998051,-0.265401,0.719593,0.228959,0.085476,0.234929,0.148829,-0.95674,0.101938,0.691532,0.278907,-0.052647,0.03902,-0.190017,-0.979591,1,0,0,0,0,0,0,0,0,0,0,
123,0.002952,1.121311,-0.024924,-0.040913,0.040599,0.00501,-0.998325,-0.265325,0.719258,0.22909,0.085702,0.234471,0.148927,-0.956817,0.101621,0.691185,0.278688,-0.052738,0.040225,-0.190148,-0.979512,1,0,0,0,0,0,0,0,0,0,0,
124,0.004267,1.118186,-0.022551,-0.050159,0.036635,0.007376,-0.998042,-0.264846,0.719164,0.228781,0.085764,0.234014,0.149455,-0.956841,0.101636,0.690581,0.278554,-0.051672,0.040294,-0.19137,-0.979328,1,0,0,0,0,0,0,0,0,0,0,
125,0.004842,1.12005,-0.022767,-0.045273,0.035905,0.008007,-0.998297,-0.265192,0.719149,0.229071,0.085705,0.233962,0.149998,-0.956774,0.101799,0.691047,0.278631,-0.051049,0.040496,-0.192344,-0.979162,1,0,0,0,0,0,0,0,0,0,0,
126,0.008619,1.129368,-0.029424,0.00114,0.025397,0.011135,-0.999615,-0.264354,0.719137,0.228923,0.085936,0.233227,0.150587,-0.95684,0.101013,0.690687,0.278271,-0.051595,0.042428,-0.193626,-0.978799,1,0,0,0,0,0,0,0,0,0,0,
127,0.041632,1.152463,-0.055974,0.136657,-0.133902,0.005058,-0.981514,-0.264899,0.719558,0.228524,0.086406,0.233915,0.149943,-0.956731,0.100865,0.690927,0.278355,-0.050511,0.041231,-0.193058,-0.979018,1,0,0,0,0,0,0,0,0,0,0,
128,0.02046,1.16049,-0.061879,0.181422,-0.023398,0.017831,-0.982965,-0.264685,0.719967,0.227073,0.087101,0.234774,0.151085,-0.956278,0.101266,0.690427,0.277935,-0.049896,0.041101,-0.194005,-0.978868,1,0,0,0,0,0,0,0,0,0,0,
129,-0.002844,1.168838,-0.071381,0.238332,0.106233,0.038589,-0.964585,-0.263785,0.719757,0.227735,0.087346,0.233975,0.151915,-0.95632,0.100744,0.689606,0.277433,-0.051682,0.043311,-0.194734,-0.978536,0,1,0,0,0,0,0,0,0,0,0,
130,0.006361,1.168599,-0.067914,0.242016,0.055693,0.036729,-0.967976,-0.263523,0.719735,0.226785,0.086953,0.234803,0.154319,-0.955768,0.101045,0.690044,0.276774,-0.049427,0.0425,-0.196166,-0.978402,0,1,0,0,0,0,0,0,0,0,0,
131,0.003468,1.166785,-0.067398,0.231111,0.052922,0.020413,-0.971273,-0.26308,0.719447,0.226865,0.086675,0.233958,0.154146,-0.956028,0.100722,0.689778,0.276377,-0.049479,0.043636,-0.196372,-0.978308,1,0,0,0,0,0,0,0,0,0,0,
132,-0.027511,1.140431,-0.049806,0.073062,0.133277,-0.051306,-0.98705,-0.263344,0.718976,0.228395,0.08636,0.232704,0.153683,-0.956437,0.100077,0.688629,0.277101,-0.049442,0.042711,-0.204938,-0.976592,1,0,0,0,0,0,0,0,0,0,0,
133,-0.011576,1.136075,-0.043992,0.037512,0.100119,-0.011739,-0.994199,-0.263288,0.716894,0.229602,0.082536,0.232713,0.164662,-0.954944,0.100893,0.688312,0.277408,-0.050443,0.041178,-0.209952,-0.975541,1,0,0,0,0,0,0,0,0,0,0,
134,-0.002336,1.133795,-0.043478,0.026806,0.066164,-0.000157,-0.997449,-0.262907,0.716943,0.22949,0.085435,0.23112,0.162795,-0.955396,0.10047,0.687539,0.277857,-0.052508,0.042012,-0.207295,-0.975965,1,0,0,0,0,0,0,0,0,0,0,
135,-0.001941,1.133076,-0.042316,0.018704,0.05942,-0.004912,-0.998046,-0.263228,0.71762,0.228663,0.086802,0.230876,0.164401,-0.955057,0.100604,0.688062,0.277233,-0.051033,0.041873,-0.208731,-0.975743,0,0,0,0,0,0,0,0,1,0,0,
136,-0.004269,1.138087,-0.045334,0.0448,0.086189,0.013887,-0.995174,-0.262621,0.718173,0.229382,0.08679,0.231106,0.164652,-0.954959,0.101053,0.688551,0.278161,-0.050927,0.040942,-0.209087,-0.975711,0,0,0,0,0,0,0,0,1,0,0,
137,-0.004325,1.136138,-0.044965,0.042404,0.042493,-0.027375,-0.997821,-0.263595,0.717983,0.22864,0.086557,0.232935,0.164395,-0.95458,0.079623,0.637896,0.267346,-0.227303,0.013169,-0.291299,-0.929142,0,0,0,0,0,0,0,0,1,0,0,
138,-0.014299,1.135856,-0.044576,0.045021,0.06412,-0.056469,-0.995326,-0.263789,0.719283,0.227876,0.087971,0.234256,0.16405,-0.954187,0.085439,0.676667,0.281789,-0.036468,-0.111589,-0.238266,-0.964078,0,0,0,0,0,0,0,0,1,0,0,
139,-0.003807,1.130185,-0.041283,0.008883,0.046859,-0.034468,-0.998267,-0.263582,0.716856,0.23017,0.063852,0.216651,0.12395,-0.966241,0.104236,0.695351,0.287412,-0.044554,-0.033325,-0.169797,-0.983907,1,0,0,0,0,0,0,0,0,0,0,
140,-0.004311,1.125776,-0.038799,-0.018411,0.050622,-0.033993,-0.997969,-0.264322,0.717774,0.229264,0.065576,0.221711,0.129026,-0.964311,0.097416,0.684222,0.283994,-0.07438,-0.016525,-0.215551,-0.973516,1,0,0,0,0,0,0,0,0,0,0,
141,-0.007466,1.123821,-0.039216,-0.029334,0.061431,-0.041838,-0.996802,-0.290409,0.740525,0.218852,0.060865,0.102214,-0.295427,-0.94793,0.123427,0.738325,0.27778,-0.090388,0.121629,0.279412,-0.948138,1,0,0,0,0,0,0,0,0,0,0,
142,-0.023509,1.130297,-0.038533,0.019783,0.105697,-0.065368,-0.99205,-0.193575,0.815014,0.320839,0.089165,0.213173,0.066712,-0.970648,0.011217,0.795629,0.376393,0.075748,-0.110739,-0.307668,-0.941987,0,0,0,0,0,0,0,0,1,0,0,
143,-0.002667,1.130013,-0.037003,0.007293,0.04941,-0.034166,-0.998167,-0.095761,0.766629,0.410847,0.119351,0.073296,0.547956,-0.824698,-0.032215,0.77163,0.414174,0.153246,-0.089001,-0.575416,-0.798431,0,0,0,0,0,0,0,0,1,0,0,
144,-0.0083,1.140288,-0.046611,0.064778,0.05741,-0.035036,-0.995631,-0.107346,0.762384,0.423783,-0.038083,-0.042757,0.45188,-0.890239,-0.031777,0.763874,0.433445,-0.005785,0.098671,-0.462349,-0.881172,0,0,0,0,0,0,0,0,1,0,0,
145,0.006069,1.143545,-0.050148,0.087978,0.023127,0.012482,-0.995776,-0.107345,0.762384,0.423783,-0.038084,-0.042757,0.45188,-0.890239,-0.031672,0.764694,0.4317,-0.005271,0.098892,-0.462199,-0.881229,1,0,0,0,0,0,0,0,0,0,0,
146,-0.001999,1.144303,-0.057123,0.117476,0.038092,-0.005009,-0.992332,-0.107232,0.762772,0.423195,-0.037915,-0.042693,0.452062,-0.890157,-0.03198,0.765137,0.431494,-0.004802,0.099047,-0.462058,-0.881288,1,0,0,0,0,0,0,0,0,0,0,
147,-0.016401,1.140221,-0.047284,0.096357,0.121612,-0.01099,-0.987829,-0.107232,0.762772,0.423195,-0.037914,-0.042693,0.452061,-0.890158,-0.031522,0.76516,0.431377,-0.004377,0.099138,-0.462039,-0.88129,1,0,0,0,0,0,0,0,0,0,0,
148,-0.011152,1.140655,-0.047724,0.0935,0.105864,-0.013882,-0.989878,-0.107232,0.762772,0.423195,-0.037916,-0.042692,0.452061,-0.890158,-0.031262,0.764833,0.431638,-0.004052,0.099251,-0.46199,-0.881305,1,0,0,0,0,0,0,0,0,0,0,
149,0.000194,1.142456,-0.051909,0.093815,0.080796,0.004049,-0.992298,-0.107232,0.762772,0.423195,-0.037917,-0.042692,0.45206,-0.890158,-0.03171,0.765109,0.431353,-0.003743,0.099365,-0.461965,-0.881306,1,0,0,0,0,0,0,0,0,0,0,
150,-0.008628,1.121493,-0.025251,-0.010899,0.073202,-0.028614,-0.996847,-0.107232,0.762772,0.423195,-0.037915,-0.042692,0.452061,-0.890158,-0.031523,0.765155,0.43116,-0.003498,0.099531,-0.461979,-0.881281,1,0,0,0,0,0,0,0,0,0,0,
151,-0.000937,1.149544,-0.051873,0.142217,0.079708,0.006128,-0.986602,-0.107232,0.762772,0.423195,-0.037915,-0.042692,0.452061,-0.890158,-0.0314,0.764974,0.431073,-0.003195,0.099732,-0.461844,-0.881331,1,0,0,0,0,0,0,0,0,0,0,
152,0.024692,1.148581,-0.050369,0.140698,-0.002704,0.040443,-0.989223,-0.107232,0.762772,0.423195,-0.037914,-0.042693,0.45206,-0.890158,-0.031458,0.764543,0.43144,-0.002911,0.099801,-0.461819,-0.881337,1,0,0,0,0,0,0,0,0,0,0,
153,0.030653,1.155341,-0.056711,0.183812,-0.122881,-0.054374,-0.973734,-0.107232,0.762772,0.423195,-0.037915,-0.042693,0.452061,-0.890158,-0.031678,0.765986,0.430503,-0.002651,0.099887,-0.46181,-0.881333,1,0,0,0,0,0,0,0,0,0,0,
154,-0.018846,1.161465,-0.064547,0.251002,-0.035994,-0.162629,-0.953548,-0.107232,0.762772,0.423195,-0.037915,-0.042693,0.452061,-0.890158,-0.031968,0.766665,0.42887,-0.002528,0.099952,-0.461826,-0.881317,1,0,0,0,0,0,0,0,0,0,0,
155,0.003984,1.157541,-0.051929,0.209641,-0.018374,-0.057922,-0.975888,-0.107232,0.762772,0.423195,-0.037915,-0.042693,0.452061,-0.890158,-0.031099,0.766273,0.429634,-0.002313,0.099923,-0.461845,-0.881311,0,1,0,0,0,0,0,0,0,0,1,"continous head and head movment, heart rate spike"
156,-0.001081,1.148382,-0.040008,0.150932,0.022547,-0.03137,-0.987789,-0.107232,0.762772,0.423195,-0.037915,-0.042693,0.452061,-0.890158,-0.031506,0.76574,0.43017,-0.001991,0.099883,-0.461871,-0.881303,0,1,0,0,0,0,0,0,0,0,1,
157,0.004113,1.158944,-0.055972,0.215422,0.018137,-0.020565,-0.976136,-0.107232,0.762772,0.423195,-0.037915,-0.042693,0.452061,-0.890158,-0.031388,0.764533,0.431189,-0.001744,0.099888,-0.461944,-0.881264,0,1,0,0,0,0,0,0,0,0,1,
158,0.037589,1.154724,-0.053429,0.195229,-0.138796,-0.023837,-0.970594,-0.107232,0.762772,0.423195,-0.037915,-0.042693,0.452061,-0.890158,-0.030933,0.765286,0.430929,-0.001516,0.099904,-0.461979,-0.881245,0,1,0,0,0,0,0,0,0,0,1,
159,0.031472,1.158836,-0.054595,0.231422,-0.114145,-0.010063,-0.966082,-0.107232,0.762772,0.423195,-0.037914,-0.042693,0.452061,-0.890158,-0.031223,0.766249,0.429325,-0.001355,0.099919,-0.461975,-0.881245,0,1,0,0,0,0,0,0,0,0,1,
160,-0.00528,1.159231,-0.059304,0.240683,0.077577,-0.000272,-0.967498,-0.107232,0.762772,0.423195,-0.037915,-0.042693,0.452061,-0.890158,-0.031223,0.766249,0.429325,-0.001355,0.099919,-0.461975,-0.881245,0,1,0,0,0,0,0,0,0,0,1,
161,-0.02465,1.153169,-0.052223,0.197778,0.217901,0.063932,-0.953581,-0.107232,0.762772,0.423195,-0.037915,-0.042693,0.452061,-0.890158,-0.031223,0.766249,0.429325,-0.001355,0.099919,-0.461975,-0.881245,0,1,0,0,0,0,0,0,0,0,1,
162,-0.015441,1.155985,-0.054426,0.218086,0.135515,0.026503,-0.966112,-0.107232,0.762772,0.423195,-0.037915,-0.042693,0.452061,-0.890158,-0.031223,0.766249,0.429325,-0.001354,0.099917,-0.461976,-0.881245,1,0,0,0,0,0,0,0,0,0,1,
163,-0.050824,1.149386,-0.065576,0.189001,0.287002,0.01681,-0.938949,-0.107232,0.762772,0.423195,-0.037914,-0.042693,0.452061,-0.890158,-0.031223,0.766249,0.429325,-0.001355,0.099919,-0.461974,-0.881246,1,0,0,0,0,0,0,0,0,0,1,
164,0.075667,1.145086,-0.066734,0.16501,-0.366739,-0.014527,-0.915458,-0.107232,0.762772,0.423195,-0.037917,-0.042693,0.45206,-0.890158,-0.031223,0.766249,0.429325,-0.001355,0.099919,-0.461975,-0.881245,0,1,0,0,0,0,0,0,0,0,1,
165,0.093333,1.140775,-0.072687,0.16283,-0.411959,0.008297,-0.896497,-0.107232,0.762772,0.423195,-0.037915,-0.042693,0.45206,-0.890158,-0.031223,0.766249,0.429325,-0.001355,0.09992,-0.461975,-0.881245,0,1,0,0,0,0,0,0,0,0,1,
166,0.009245,1.12965,-0.017297,0.062366,0.012535,0.013874,-0.997878,-0.107232,0.762772,0.423195,-0.037914,-0.042692,0.452061,-0.890158,-0.031223,0.766249,0.429325,-0.001354,0.099919,-0.461974,-0.881246,0,0,0,0,0,0,0,0,1,0,0,
167,4.00E-05,1.136656,-0.025862,0.096866,0.050102,0.014954,-0.993923,-0.107232,0.762772,0.423195,-0.037914,-0.042693,0.452061,-0.890158,-0.031223,0.766249,0.429325,-0.001355,0.099918,-0.461974,-0.881246,0,0,0,0,0,0,0,0,1,0,0,
168,0.00631,1.133672,-0.022107,0.088864,0.033102,0.027761,-0.995106,-0.107232,0.762772,0.423195,-0.037915,-0.042693,0.452061,-0.890158,-0.031223,0.766249,0.429325,-0.001355,0.099919,-0.461975,-0.881245,0,0,0,0,0,0,0,0,1,0,0,
169,0.011442,1.116204,-0.000731,0.004335,-0.043815,-0.042276,-0.998135,-0.107232,0.762772,0.423195,-0.037915,-0.042692,0.452061,-0.890158,-0.031223,0.766249,0.429325,-0.001355,0.099917,-0.461975,-0.881246,1,0,0,0,0,0,0,0,0,0,0,
170,0.00393,1.109472,0.008581,-0.018587,-0.044684,-0.077975,-0.99578,-0.107232,0.762772,0.423195,-0.037915,-0.042692,0.452061,-0.890158,-0.031223,0.766249,0.429325,-0.001355,0.099918,-0.461974,-0.881246,0,0,0,0,0,0,0,1,0,0,0,
171,0.000808,1.079678,0.015052,-0.180994,0.014519,-0.033099,-0.98282,-0.107232,0.762772,0.423195,-0.037915,-0.042692,0.452061,-0.890158,-0.031223,0.766249,0.429325,-0.001355,0.099919,-0.461975,-0.881245,1,0,0,0,0,0,0,0,0,0,0,
172,0.006857,1.10828,0.0092,-0.036265,0.002205,-0.016442,-0.999205,-0.107232,0.762772,0.423195,-0.037915,-0.042692,0.452061,-0.890158,-0.031223,0.766249,0.429325,-0.00135,0.09992,-0.461978,-0.881244,0,0,0,0,0,0,0,1,0,0,0,
173,0.006569,1.145206,-0.018137,0.170191,0.000645,-0.020129,-0.985205,-0.107232,0.762772,0.423195,-0.037916,-0.042692,0.452062,-0.890157,-0.031223,0.766249,0.429325,-0.001356,0.099918,-0.461975,-0.881246,0,0,0,0,0,0,0,1,0,0,0,
174,0.069041,1.144935,-0.045458,0.15566,-0.357582,-0.075105,-0.91775,-0.107232,0.762772,0.423195,-0.037914,-0.042693,0.452061,-0.890158,-0.031223,0.766249,0.429325,-0.001355,0.099919,-0.461975,-0.881245,0,0,0,0,0,0,0,1,0,0,0,
175,0.019549,1.141263,-0.019577,0.141196,-0.050913,-0.005827,-0.988654,-0.107232,0.762772,0.423195,-0.037915,-0.042693,0.452061,-0.890158,-0.031223,0.766249,0.429325,-0.001354,0.099918,-0.461975,-0.881245,1,0,0,0,0,0,0,0,0,0,0,
176,-0.019223,1.149791,-0.041936,0.192044,0.16106,0.025978,-0.967731,-0.107232,0.762772,0.423195,-0.037914,-0.042693,0.452061,-0.890158,-0.031223,0.766249,0.429325,-0.001355,0.099919,-0.461975,-0.881245,1,0,0,0,0,0,0,0,0,0,0,
177,-0.010722,1.136144,-0.026181,0.109558,0.081744,-0.003668,-0.990607,-0.107232,0.762772,0.423195,-0.037914,-0.042693,0.452062,-0.890157,-0.031223,0.766249,0.429325,-0.001355,0.099919,-0.461975,-0.881245,1,0,0,0,0,0,0,0,0,0,0,
178,-0.010968,1.133981,-0.021827,0.095118,0.072355,-0.011859,-0.992762,-0.107232,0.762772,0.423195,-0.037914,-0.042693,0.452062,-0.890157,-0.031223,0.766249,0.429325,-0.001355,0.099919,-0.461975,-0.881245,1,0,0,0,0,0,0,0,0,0,0,
179,-0.013436,1.136558,-0.026033,0.113878,0.07578,-0.020808,-0.990382,-0.107232,0.762772,0.423195,-0.037915,-0.042694,0.452061,-0.890158,-0.031223,0.766249,0.429325,-0.001355,0.099919,-0.461975,-0.881245,1,0,0,0,0,0,0,0,0,0,0,
180,-0.017759,1.13611,-0.025773,0.113284,0.090253,-0.017545,-0.989299,-0.107232,0.762772,0.423195,-0.037915,-0.042693,0.452062,-0.890158,-0.031223,0.766249,0.429325,-0.001354,0.099918,-0.461976,-0.881245,1,0,0,0,0,0,0,0,0,0,0,
181,0.007634,1.153613,-0.046377,0.202142,0.038401,0.014032,-0.978503,-0.107232,0.762772,0.423195,-0.037914,-0.042693,0.452061,-0.890158,-0.031223,0.766249,0.429325,-0.001356,0.099919,-0.461974,-0.881246,1,0,0,0,0,0,0,0,0,0,0,
182,-0.003708,1.13153,-0.015014,0.074029,0.050464,-0.011012,-0.995918,-0.107232,0.762772,0.423195,-0.037917,-0.042693,0.452062,-0.890157,-0.031223,0.766249,0.429325,-0.001355,0.099919,-0.461975,-0.881245,1,0,0,0,0,0,0,0,0,0,0,
183,0.002582,1.134863,-0.018099,0.090674,0.036986,0.00846,-0.995158,-0.107232,0.762772,0.423195,-0.037915,-0.042691,0.45206,-0.890158,-0.031223,0.766249,0.429325,-0.001355,0.09992,-0.461974,-0.881246,0,0,0,0,0,0,0,1,0,0,0,
184,0.01111,1.133314,-0.017225,0.084774,0.011217,0.014136,-0.996237,-0.107232,0.762772,0.423195,-0.037914,-0.042692,0.452061,-0.890158,-0.031223,0.766249,0.429325,-0.001355,0.099919,-0.461974,-0.881246,0,0,0,0,0,0,0,1,0,0,0,
185,0.017318,1.139648,-0.022606,0.123864,-0.122277,-0.096636,-0.979983,-0.107232,0.762772,0.423195,-0.037915,-0.042693,0.452062,-0.890157,-0.031223,0.766249,0.429325,-0.001354,0.099918,-0.461975,-0.881245,0,0,0,0,0,0,0,1,0,0,0,
186,-0.0004,1.153855,-0.044496,0.205903,-0.054884,-0.099718,-0.97193,-0.107232,0.762772,0.423195,-0.037914,-0.042692,0.452061,-0.890158,-0.031223,0.766249,0.429325,-0.001354,0.099918,-0.461975,-0.881246,0,0,0,0,0,0,0,1,0,0,0,
187,0.005189,1.1235,-0.019147,0.015966,-0.009845,-0.029999,-0.999374,-0.107232,0.762772,0.423195,-0.037915,-0.042693,0.452061,-0.890158,-0.031223,0.766249,0.429325,-0.001356,0.099918,-0.461976,-0.881245,1,0,0,0,0,0,0,0,0,0,0,
188,0.004215,1.150124,-0.047032,0.175618,-0.01173,-0.037889,-0.983659,-0.107232,0.762772,0.423195,-0.037915,-0.042693,0.452061,-0.890158,-0.031223,0.766249,0.429325,-0.001355,0.099919,-0.461975,-0.881245,0,0,0,0,0,0,0,1,0,0,0,
189,0.016285,1.148168,-0.041189,0.161251,-0.057816,-0.037758,-0.984495,-0.107232,0.762772,0.423195,-0.037915,-0.042693,0.452061,-0.890158,-0.031223,0.766249,0.429325,-0.001354,0.099919,-0.461975,-0.881245,0,0,0,0,0,0,0,1,0,0,0,
190,0.004574,1.146041,-0.038464,0.151647,-0.044402,-0.059297,-0.985655,-0.107232,0.762772,0.423195,-0.037915,-0.042693,0.452061,-0.890158,-0.031223,0.766249,0.429325,-0.001354,0.099918,-0.461975,-0.881245,0,1,0,0,0,0,0,0,0,0,0,
191,0.002139,1.152705,-0.052753,0.195213,-0.002252,-0.039499,-0.979963,-0.107232,0.762772,0.423195,-0.037914,-0.042693,0.452061,-0.890158,-0.031223,0.766249,0.429325,-0.001355,0.099919,-0.461975,-0.881245,0,1,0,0,0,0,0,0,0,0,0,
192,-2.30E-05,1.15095,-0.04923,0.184752,0.008362,-0.030644,-0.982272,-0.107232,0.762772,0.423195,-0.037914,-0.042693,0.45206,-0.890158,-0.031223,0.766249,0.429325,-0.001355,0.099919,-0.461975,-0.881245,0,1,0,0,0,0,0,0,0,0,0,
193,0.003192,1.143685,-0.037084,0.13873,-0.00217,-0.025736,-0.989993,-0.107232,0.762772,0.423195,-0.037915,-0.042693,0.452061,-0.890158,-0.031223,0.766249,0.429325,-0.001355,0.099919,-0.461975,-0.881245,1,0,0,0,0,0,0,0,0,0,0,
194,-0.000843,1.14261,-0.035756,0.136887,0.005526,-0.03319,-0.990015,-0.107232,0.762772,0.423195,-0.037915,-0.042692,0.452061,-0.890158,-0.031223,0.766249,0.429325,-0.001355,0.099919,-0.461975,-0.881245,1,0,0,0,0,0,0,0,0,0,0,
195,-0.011693,1.14341,-0.038508,0.143155,0.032096,-0.049567,-0.987937,-0.107232,0.762772,0.423195,-0.037914,-0.042693,0.452061,-0.890158,-0.031223,0.766249,0.429325,-0.001355,0.099919,-0.461975,-0.881245,0,1,0,0,0,0,0,0,0,0,1,"increasing heart rate, change in posture, deep sigh, pressedlips,"
196,-0.007926,1.142111,-0.036262,0.136613,0.025415,-0.038189,-0.989562,-0.107232,0.762772,0.423195,-0.037915,-0.042693,0.452061,-0.890158,-0.031223,0.766249,0.429325,-0.001354,0.099918,-0.461975,-0.881245,0,1,0,0,0,0,0,0,0,0,1,
197,-0.005042,1.136467,-0.028109,0.107601,0.019508,-0.035372,-0.993373,-0.107232,0.762772,0.423195,-0.037915,-0.042693,0.45206,-0.890158,-0.031223,0.766249,0.429325,-0.001355,0.099919,-0.461976,-0.881245,0,0,0,0,0,0,0,1,0,0,1,
198,-0.007955,1.140042,-0.033662,0.120013,0.03023,-0.032136,-0.991791,-0.107232,0.762772,0.423195,-0.037914,-0.042692,0.452062,-0.890157,-0.031223,0.766249,0.429325,-0.001356,0.099921,-0.461973,-0.881246,0,0,0,0,0,0,0,1,0,0,1,
199,-0.0046,1.138039,-0.030763,0.112965,0.026352,-0.025102,-0.992932,-0.107232,0.762772,0.423195,-0.037915,-0.042692,0.452061,-0.890158,-0.031223,0.766249,0.429325,-0.001355,0.099919,-0.461975,-0.881245,0,0,0,0,0,0,0,1,0,0,1,
200,-0.004015,1.137128,-0.029424,0.107174,0.021064,-0.028353,-0.993613,-0.107232,0.762772,0.423195,-0.037915,-0.042692,0.452061,-0.890158,-0.031223,0.766249,0.429325,-0.001355,0.099919,-0.461975,-0.881245,0,0,0,0,0,0,0,1,0,0,1,
201,-0.011167,1.136986,-0.029604,0.10649,0.026867,-0.049458,-0.992719,-0.107232,0.762772,0.423195,-0.037915,-0.042693,0.452061,-0.890158,-0.031223,0.766249,0.429325,-0.001355,0.099919,-0.461975,-0.881245,0,0,0,0,0,0,0,1,0,0,1,
202,-0.011426,1.134616,-0.026746,0.097165,0.026006,-0.056085,-0.993347,-0.107232,0.762772,0.423195,-0.037915,-0.042693,0.452061,-0.890158,-0.031223,0.766249,0.429325,-0.001355,0.099919,-0.461975,-0.881245,0,0,0,0,0,0,0,1,0,0,1,
203,-0.008202,1.13394,-0.024726,0.089234,0.020251,-0.043741,-0.994844,-0.107232,0.762772,0.423195,-0.037915,-0.042692,0.452061,-0.890158,-0.031223,0.766249,0.429325,-0.001355,0.099919,-0.461975,-0.881245,0,0,0,0,0,0,0,1,0,0,1,
204,-0.008005,1.137236,-0.027755,0.105433,0.019826,-0.044361,-0.993239,-0.107232,0.762772,0.423195,-0.037915,-0.042692,0.452061,-0.890158,-0.031223,0.766249,0.429325,-0.001355,0.099919,-0.461975,-0.881245,0,0,0,0,0,0,0,1,0,0,1,
205,-0.007216,1.136242,-0.028066,0.102338,0.015247,-0.046696,-0.993536,-0.107232,0.762772,0.423195,-0.037915,-0.042693,0.452061,-0.890158,-0.031223,0.766249,0.429325,-0.001355,0.099918,-0.461976,-0.881245,0,0,0,0,0,0,0,1,0,0,1,
206,-0.007685,1.137247,-0.02973,0.104966,0.009584,-0.051394,-0.993101,-0.107232,0.762772,0.423195,-0.037914,-0.042693,0.452061,-0.890158,-0.031223,0.766249,0.429325,-0.001355,0.099919,-0.461975,-0.881245,0,0,0,0,0,0,0,1,0,0,1,
207,-0.006887,1.140467,-0.03432,0.119941,0.014415,-0.041906,-0.991791,-0.107232,0.762772,0.423195,-0.037914,-0.042693,0.452061,-0.890158,-0.031223,0.766249,0.429325,-0.001355,0.099919,-0.461975,-0.881245,0,0,0,0,0,0,0,1,0,0,1,
208,0.00655,1.144531,-0.041839,0.138213,0.004537,-0.008,-0.99036,-0.107232,0.762772,0.423195,-0.037915,-0.042692,0.45206,-0.890158,-0.031223,0.766249,0.429325,-0.001353,0.099918,-0.461976,-0.881245,0,0,0,0,0,0,0,1,0,0,1,
209,0.00463,1.1421,-0.037592,0.124444,0.005687,-0.008883,-0.992171,-0.107232,0.762772,0.423195,-0.037915,-0.042693,0.452061,-0.890158,-0.031223,0.766249,0.429325,-0.001355,0.099919,-0.461975,-0.881245,1,0,0,0,0,0,0,0,0,0,1,
210,-0.00332,1.142116,-0.040107,0.126201,0.025062,-0.022767,-0.991427,-0.107232,0.762772,0.423195,-0.037914,-0.042693,0.452061,-0.890158,-0.031223,0.766249,0.429325,-0.001355,0.099919,-0.461975,-0.881245,1,0,0,0,0,0,0,0,0,0,1,
211,-0.005834,1.140897,-0.040291,0.122914,0.034147,-0.025638,-0.991498,-0.107232,0.762772,0.423195,-0.037915,-0.042692,0.452061,-0.890158,-0.031223,0.766249,0.429325,-0.001355,0.099919,-0.461975,-0.881245,1,0,0,0,0,0,0,0,0,0,1,
212,-0.000859,1.14015,-0.038038,0.114787,0.028337,-0.010346,-0.992932,-0.107232,0.762772,0.423195,-0.037914,-0.042693,0.452062,-0.890157,-0.031223,0.766249,0.429325,-0.001355,0.099919,-0.461975,-0.881245,1,0,0,0,0,0,0,0,0,0,1,
213,-0.002505,1.134189,-0.029865,0.083991,0.027927,-0.01752,-0.995921,-0.107232,0.762772,0.423195,-0.037915,-0.042693,0.452061,-0.890158,-0.031223,0.766249,0.429325,-0.001355,0.099919,-0.461975,-0.881245,0,0,0,0,0,0,0,1,0,0,1,
214,-0.002848,1.136434,-0.031616,0.093005,0.028856,-0.014478,-0.995142,-0.107232,0.762772,0.423195,-0.037915,-0.042692,0.452062,-0.890157,-0.031223,0.766249,0.429325,-0.001355,0.099919,-0.461975,-0.881245,0,0,0,0,0,0,0,1,0,0,1,
215,0.005464,1.138108,-0.034162,0.097737,0.015418,0.003206,-0.995088,-0.107232,0.762772,0.423195,-0.037915,-0.042692,0.452061,-0.890158,-0.031223,0.766249,0.429325,-0.001355,0.099919,-0.461975,-0.881245,0,0,0,0,0,0,0,1,0,0,1,
216,0.011679,1.136961,-0.03307,0.095835,-0.018051,-0.009879,-0.995185,-0.107232,0.762772,0.423195,-0.037915,-0.042692,0.452061,-0.890158,-0.031223,0.766249,0.429325,-0.001355,0.099919,-0.461975,-0.881245,0,0,0,0,0,0,0,1,0,0,1,
217,-0.01685,1.160101,-0.090886,0.18694,-0.066574,-0.11387,-0.973476,-0.107232,0.762772,0.423195,-0.037915,-0.042691,0.45206,-0.890158,-0.031223,0.766249,0.429325,-0.001355,0.099919,-0.461975,-0.881245,0,0,0,0,0,0,0,1,0,0,1,
218,-0.008266,1.127392,-0.050031,-0.018135,0.063457,-0.042888,-0.996898,-0.107232,0.762772,0.423195,-0.037915,-0.042692,0.452061,-0.890158,-0.031223,0.766249,0.429325,-0.001353,0.099917,-0.461975,-0.881246,1,0,0,0,0,0,0,0,0,0,1,
219,-0.002841,1.15377,-0.064971,0.151905,-0.00718,-0.06198,-0.986424,-0.107232,0.762772,0.423195,-0.037915,-0.042693,0.452061,-0.890158,-0.031223,0.766249,0.429325,-0.001355,0.099919,-0.461975,-0.881245,0,0,0,0,0,0,0,1,0,0,1,
220,-0.005842,1.159226,-0.068692,0.200308,0.009374,-0.050225,-0.9784,-0.107232,0.762772,0.423195,-0.037915,-0.042693,0.452061,-0.890158,-0.031223,0.766249,0.429325,-0.001355,0.099919,-0.461975,-0.881245,0,0,0,0,0,0,0,1,0,0,1,
221,0.00035,1.152095,-0.064249,0.159676,-0.016769,-0.048268,-0.985846,-0.107232,0.762772,0.423195,-0.037915,-0.042693,0.452061,-0.890158,-0.031223,0.766249,0.429325,-0.001355,0.099918,-0.461975,-0.881245,0,1,0,0,0,0,0,0,0,0,1,
222,0.000606,1.155749,-0.070928,0.173296,-0.009522,-0.040584,-0.983987,-0.107232,0.762772,0.423195,-0.037914,-0.042693,0.452061,-0.890158,-0.031223,0.766249,0.429325,-0.001356,0.099919,-0.461975,-0.881246,0,1,0,0,0,0,0,0,0,0,1,
223,-0.008494,1.156188,-0.074042,0.17746,0.041092,-0.027321,-0.98289,-0.107232,0.762772,0.423195,-0.037914,-0.042693,0.452062,-0.890157,-0.031223,0.766249,0.429325,-0.001355,0.099918,-0.461975,-0.881246,0,1,0,0,0,0,0,0,0,0,1,
224,-0.005945,1.153808,-0.070745,0.163388,0.058116,-0.01766,-0.98469,-0.107232,0.762772,0.423195,-0.037914,-0.042693,0.452062,-0.890157,-0.031223,0.766249,0.429325,-0.001355,0.099918,-0.461975,-0.881245,0,1,0,0,0,0,0,0,0,0,1,
225,-0.014008,1.153376,-0.071973,0.160124,0.081017,-0.027795,-0.983374,-0.107232,0.762772,0.423195,-0.037915,-0.042693,0.452061,-0.890158,-0.031223,0.766249,0.429325,-0.001355,0.099919,-0.461975,-0.881245,1,0,0,0,0,0,0,0,0,0,1,
226,-0.014036,1.152455,-0.071619,0.15733,0.07829,-0.031347,-0.983939,-0.107232,0.762772,0.423195,-0.037914,-0.042692,0.452061,-0.890158,-0.031223,0.766249,0.429325,-0.001355,0.099919,-0.461975,-0.881246,1,0,0,0,0,0,0,0,0,0,1,
227,-0.013896,1.152419,-0.071192,0.157135,0.076883,-0.031901,-0.984063,-0.107232,0.762772,0.423195,-0.037915,-0.042693,0.452061,-0.890158,-0.031223,0.766249,0.429325,-0.001354,0.099919,-0.461975,-0.881245,0,1,0,0,0,0,0,0,0,0,1,
228,-0.012766,1.150557,-0.068855,0.150736,0.074762,-0.029965,-0.985288,-0.107232,0.762772,0.423195,-0.037915,-0.042693,0.452061,-0.890158,-0.031223,0.766249,0.429325,-0.001354,0.099919,-0.461976,-0.881245,0,1,0,0,0,0,0,0,0,0,1,
229,-0.010643,1.145995,-0.061006,0.123723,0.064525,-0.029861,-0.989766,-0.107232,0.762772,0.423195,-0.037914,-0.042692,0.452061,-0.890158,-0.031223,0.766249,0.429325,-0.001354,0.099918,-0.461975,-0.881245,0,0,0,0,0,0,0,1,0,0,1,
230,-0.004791,1.148016,-0.062687,0.129751,0.042686,-0.024005,-0.990336,-0.107232,0.762772,0.423195,-0.037914,-0.042693,0.452061,-0.890158,-0.031223,0.766249,0.429325,-0.001355,0.099918,-0.461975,-0.881246,0,0,0,0,0,0,0,1,0,0,1,
231,-0.005077,1.147804,-0.063297,0.129351,0.042918,-0.023731,-0.990385,-0.107232,0.762772,0.423195,-0.037914,-0.042693,0.45206,-0.890158,-0.031223,0.766249,0.429325,-0.001355,0.099919,-0.461975,-0.881245,0,0,0,0,0,0,0,1,0,0,1,
232,-0.005063,1.147238,-0.064434,0.123833,0.041142,-0.025919,-0.991111,-0.107232,0.762772,0.423195,-0.037915,-0.042693,0.452061,-0.890158,-0.031223,0.766249,0.429325,-0.001355,0.099918,-0.461976,-0.881245,0,0,0,0,0,0,0,1,0,0,1,
233,-0.006492,1.145954,-0.062621,0.113871,0.043438,-0.033295,-0.991987,-0.107232,0.762772,0.423195,-0.037915,-0.042693,0.452061,-0.890158,-0.031223,0.766249,0.429325,-0.001355,0.099919,-0.461975,-0.881245,0,0,0,0,0,0,0,1,0,0,1,
234,-0.002291,1.144932,-0.062331,0.10567,0.032492,-0.026568,-0.993515,-0.107232,0.762772,0.423195,-0.037915,-0.042693,0.452061,-0.890158,-0.031223,0.766249,0.429325,-0.001355,0.099919,-0.461975,-0.881245,0,0,0,0,0,0,0,1,0,0,0,
235,-0.002272,1.145776,-0.063741,0.110106,0.031152,-0.027352,-0.993055,-0.107232,0.762772,0.423195,-0.037914,-0.042693,0.452061,-0.890158,-0.031223,0.766249,0.429325,-0.001355,0.09992,-0.461975,-0.881245,0,0,0,0,0,0,0,1,0,0,0,
236,-0.002606,1.146958,-0.064923,0.114939,0.031262,-0.028519,-0.992471,-0.107232,0.762772,0.423195,-0.037914,-0.042693,0.452061,-0.890158,-0.031223,0.766249,0.429325,-0.001355,0.099919,-0.461975,-0.881246,0,0,0,0,0,0,0,1,0,0,0,
237,-0.00321,1.145751,-0.064373,0.112634,0.03106,-0.029205,-0.992721,-0.107232,0.762772,0.423195,-0.037914,-0.042692,0.452061,-0.890158,-0.031223,0.766249,0.429325,-0.001355,0.099919,-0.461975,-0.881245,0,0,0,0,0,0,0,1,0,0,0,
238,-0.001746,1.146709,-0.064861,0.113833,0.029579,-0.025516,-0.992732,-0.107232,0.762772,0.423195,-0.037914,-0.042693,0.452061,-0.890158,-0.031223,0.766249,0.429325,-0.001355,0.099917,-0.461975,-0.881246,0,0,0,0,0,0,0,1,0,0,0,
239,-0.001338,1.147085,-0.065025,0.115685,0.028703,-0.023501,-0.992593,-0.107232,0.762772,0.423195,-0.037915,-0.042692,0.452061,-0.890158,-0.031223,0.766249,0.429325,-0.001355,0.099918,-0.461975,-0.881246,0,0,0,0,0,0,0,1,0,0,0,
240,-0.019573,1.145838,-0.064814,0.116435,0.117282,-0.014949,-0.986136,-0.107232,0.762772,0.423195,-0.037914,-0.042692,0.452062,-0.890157,-0.031223,0.766249,0.429325,-0.001356,0.099919,-0.461974,-0.881246,0,0,0,0,0,0,0,1,0,0,0,
241,-0.025743,1.14804,-0.067108,0.127485,0.150359,-0.008478,-0.980341,-0.107232,0.762772,0.423195,-0.037916,-0.042693,0.452061,-0.890158,-0.031223,0.766249,0.429325,-0.001356,0.099919,-0.461974,-0.881246,1,0,0,0,0,0,0,0,0,0,0,
242,-0.024046,1.146584,-0.06653,0.120673,0.145475,-0.007667,-0.981945,-0.107232,0.762772,0.423195,-0.037914,-0.042693,0.452061,-0.890158,-0.031223,0.766249,0.429325,-0.001355,0.099919,-0.461975,-0.881245,1,0,0,0,0,0,0,0,0,0,0,
243,-0.023057,1.146485,-0.066655,0.120486,0.140438,-0.010027,-0.98268,-0.107232,0.762772,0.423195,-0.037915,-0.042692,0.452061,-0.890158,-0.031223,0.766249,0.429325,-0.001356,0.099918,-0.461976,-0.881245,0,0,0,1,0,0,0,0,0,0,0,
244,-0.022195,1.144269,-0.063054,0.109834,0.13573,-0.007899,-0.984607,-0.107232,0.762772,0.423195,-0.037913,-0.042692,0.452061,-0.890158,-0.031223,0.766249,0.429325,-0.001356,0.099919,-0.461975,-0.881246,0,0,0,1,0,0,0,0,0,0,0,
245,-0.015195,1.138883,-0.052716,0.07444,0.092411,-0.020648,-0.99272,-0.107232,0.762772,0.423195,-0.037915,-0.042693,0.452061,-0.890158,-0.031223,0.766249,0.429325,-0.001355,0.099918,-0.461975,-0.881246,1,0,0,0,0,0,0,0,0,0,0,
246,-0.01396,1.139313,-0.052863,0.077321,0.087039,-0.019317,-0.993012,-0.107232,0.762772,0.423195,-0.037916,-0.042692,0.452061,-0.890158,-0.031223,0.766249,0.429325,-0.001355,0.099917,-0.461976,-0.881245,1,0,0,0,0,0,0,0,0,0,0,
247,-0.007603,1.137872,-0.050476,0.069798,0.064456,-0.015709,-0.995353,-0.107232,0.762772,0.423195,-0.037915,-0.042692,0.45206,-0.890158,-0.031223,0.766249,0.429325,-0.001355,0.099919,-0.461976,-0.881245,1,0,0,0,0,0,0,0,0,0,0,
248,-0.007836,1.138862,-0.050187,0.070803,0.062707,-0.016108,-0.995387,-0.107232,0.762772,0.423195,-0.037914,-0.042693,0.452062,-0.890157,-0.031223,0.766249,0.429325,-0.001355,0.099919,-0.461975,-0.881245,1,0,0,0,0,0,0,0,0,0,0,
249,-0.009724,1.138232,-0.050215,0.071673,0.065618,-0.019581,-0.995075,-0.107232,0.762772,0.423195,-0.037915,-0.042693,0.45206,-0.890158,-0.031223,0.766249,0.429325,-0.001355,0.099919,-0.461975,-0.881245,1,0,0,0,0,0,0,0,0,0,0,
250,-0.006952,1.13832,-0.050519,0.071559,0.060061,-0.015949,-0.995499,-0.107232,0.762772,0.423195,-0.037914,-0.042692,0.452061,-0.890158,-0.031223,0.766249,0.429325,-0.001354,0.09992,-0.461976,-0.881245,1,0,0,0,0,0,0,0,0,0,0,
251,-0.005396,1.143111,-0.056504,0.092668,0.058672,-0.012888,-0.993883,-0.107232,0.762772,0.423195,-0.037915,-0.042693,0.452061,-0.890158,-0.031223,0.766249,0.429325,-0.001355,0.099919,-0.461975,-0.881245,1,0,0,0,0,0,0,0,0,0,0,
252,-0.003061,1.142231,-0.055868,0.091822,0.052349,-0.009382,-0.994354,-0.107232,0.762772,0.423195,-0.037914,-0.042692,0.452061,-0.890158,-0.031223,0.766249,0.429325,-0.001355,0.099918,-0.461974,-0.881246,1,0,0,0,0,0,0,0,0,0,0,
253,-0.003293,1.141873,-0.055313,0.08855,0.051212,-0.007612,-0.994725,-0.107232,0.762772,0.423195,-0.037915,-0.042693,0.452061,-0.890158,-0.031223,0.766249,0.429325,-0.001354,0.099918,-0.461975,-0.881245,0,0,0,0,0,0,0,1,0,0,0,
254,-0.004017,1.142588,-0.055868,0.09221,0.052618,-0.009366,-0.994304,-0.107232,0.762772,0.423195,-0.037915,-0.042692,0.452062,-0.890157,-0.031223,0.766249,0.429325,-0.001355,0.099919,-0.461975,-0.881245,0,0,0,0,0,0,0,1,0,0,0,
255,-0.006018,1.142378,-0.056066,0.093057,0.058159,-0.010424,-0.993906,-0.107232,0.762772,0.423195,-0.037915,-0.042691,0.452061,-0.890158,-0.031223,0.766249,0.429325,-0.001354,0.099918,-0.461975,-0.881245,0,0,0,0,0,0,0,1,0,0,0,
256,-0.021011,1.137368,-0.052619,0.079421,0.097536,-0.041384,-0.991194,-0.107232,0.762772,0.423195,-0.037915,-0.042693,0.452061,-0.890158,-0.031223,0.766249,0.429325,-0.001354,0.099919,-0.461975,-0.881246,0,0,0,0,0,0,0,1,0,0,0,
257,-0.02457,1.113564,-0.02369,-0.044934,0.087957,-0.044392,-0.99412,-0.107232,0.762772,0.423195,-0.037915,-0.042693,0.45206,-0.890158,-0.031223,0.766249,0.429325,-0.001354,0.099919,-0.461976,-0.881245,1,0,0,0,0,0,0,0,0,0,0,
258,-0.037345,1.115688,0.146282,0.023873,0.062566,-0.034678,-0.997152,-0.107232,0.762772,0.423195,-0.037915,-0.042693,0.452061,-0.890158,-0.031223,0.766249,0.429325,-0.001355,0.099919,-0.461975,-0.881245,1,0,0,0,0,0,0,0,0,0,0,
259,-0.00638,1.168894,0.052733,0.078147,0.032802,0.009722,-0.996355,-0.107232,0.762772,0.423195,-0.037915,-0.042693,0.452061,-0.890158,-0.031223,0.766249,0.429325,-0.001353,0.099919,-0.461975,-0.881245,1,0,0,0,0,0,0,0,0,0,0,
260,-0.019166,1.137739,-0.067597,-0.181078,0.09843,-0.075546,-0.97561,-0.107232,0.762772,0.423195,-0.037915,-0.042691,0.452061,-0.890158,-0.031223,0.766249,0.429325,-0.001352,0.099919,-0.461977,-0.881245,1,0,0,0,0,0,0,0,0,0,0,
261,-0.008055,1.160017,-0.078805,-0.064508,0.093641,-0.050002,-0.992255,-0.107232,0.762772,0.423195,-0.037917,-0.042693,0.452059,-0.890159,-0.031223,0.766249,0.429325,-0.001355,0.099919,-0.461975,-0.881245,0,0,0,0,0,0,0,1,0,0,0,
262,0.015299,1.164211,-0.07095,-0.040816,0.038769,0.003987,-0.998406,-0.107232,0.762772,0.423195,-0.037916,-0.042691,0.452059,-0.890159,-0.031223,0.766249,0.429325,-0.001354,0.099919,-0.461976,-0.881245,0,0,0,0,0,0,0,1,0,0,0,
263,0.000123,1.164394,-0.085748,-0.046023,0.054245,-0.042305,-0.996569,-0.107232,0.762772,0.423195,-0.037914,-0.042693,0.452062,-0.890157,-0.031223,0.766249,0.429325,-0.001355,0.099919,-0.461975,-0.881245,1,0,0,0,0,0,0,0,0,0,0,
264,-0.011527,1.169765,-0.080323,-0.002293,0.06998,-0.055028,-0.996027,-0.107232,0.762772,0.423195,-0.037915,-0.042692,0.452061,-0.890158,-0.031223,0.766249,0.429325,-0.001355,0.099919,-0.461975,-0.881245,1,0,0,0,0,0,0,0,0,0,0,
265,-0.006754,1.168558,-0.07908,-0.011465,0.070313,-0.040227,-0.996648,-0.107232,0.762772,0.423195,-0.037915,-0.042693,0.452061,-0.890158,-0.031223,0.766249,0.429325,-0.001354,0.099919,-0.461975,-0.881246,1,0,0,0,0,0,0,0,0,0,1,"deep sighs, changing posture"
266,-0.003648,1.175573,-0.080274,0.030065,0.055682,-0.04688,-0.996894,-0.107232,0.762772,0.423195,-0.037915,-0.042692,0.452061,-0.890158,-0.031223,0.766249,0.429325,-0.001355,0.099919,-0.461975,-0.881245,1,0,0,0,0,0,0,0,0,0,1,
267,-0.014298,1.183267,-0.08311,0.084853,0.059525,-0.074063,-0.991853,-0.107232,0.762772,0.423195,-0.037915,-0.042693,0.452061,-0.890158,-0.031223,0.766249,0.429325,-0.001355,0.099918,-0.461975,-0.881245,0,0,0,0,0,0,0,0,1,0,1,
268,-0.004659,1.179229,-0.076915,0.056817,0.035151,-0.051759,-0.996422,-0.107232,0.762772,0.423195,-0.037915,-0.042692,0.452061,-0.890158,-0.031223,0.766249,0.429325,-0.001355,0.099919,-0.461975,-0.881246,0,0,0,0,0,0,0,1,0,0,1,
269,0.000649,1.197245,-0.083055,0.165142,0.009425,-0.049965,-0.984958,-0.107232,0.762772,0.423195,-0.037915,-0.042693,0.452061,-0.890158,-0.031223,0.766249,0.429325,-0.001355,0.099919,-0.461975,-0.881245,1,0,0,0,0,0,0,0,0,0,1,
270,0.000491,1.197023,-0.083453,0.166816,0.043969,-0.024116,-0.984712,-0.107232,0.762772,0.423195,-0.037915,-0.042693,0.452061,-0.890158,-0.031223,0.766249,0.429325,-0.001354,0.099919,-0.461976,-0.881245,1,0,0,0,0,0,0,0,0,0,1,
271,0.000852,1.194203,-0.081945,0.149378,0.070729,-0.009408,-0.986202,-0.107232,0.762772,0.423195,-0.037914,-0.042694,0.452061,-0.890158,-0.031223,0.766249,0.429325,-0.001355,0.099918,-0.461975,-0.881245,0,1,0,0,0,0,0,0,0,0,1,
272,0.002312,1.192547,-0.081272,0.140736,0.053357,-0.019866,-0.988409,-0.107232,0.762772,0.423195,-0.037914,-0.042693,0.452061,-0.890158,-0.031223,0.766249,0.429325,-0.001355,0.099919,-0.461975,-0.881246,1,0,0,0,0,0,0,0,0,0,1,
273,0.002448,1.187688,-0.076995,0.113989,0.045646,-0.026497,-0.992079,-0.107232,0.762772,0.423195,-0.037915,-0.042694,0.45206,-0.890158,-0.031223,0.766249,0.429325,-0.001355,0.099919,-0.461975,-0.881245,1,0,0,0,0,0,0,0,0,0,1,
274,0.006887,1.187427,-0.077223,0.107425,0.026335,-0.026073,-0.993522,-0.107232,0.762772,0.423195,-0.037915,-0.042693,0.452061,-0.890158,-0.031223,0.766249,0.429325,-0.001355,0.099919,-0.461975,-0.881245,1,0,0,0,0,0,0,0,0,0,1,
275,0.002436,1.185715,-0.075187,0.096688,0.05522,-0.013204,-0.993694,-0.107232,0.762772,0.423195,-0.037915,-0.042693,0.452061,-0.890158,-0.031223,0.766249,0.429325,-0.001355,0.099919,-0.461975,-0.881245,1,0,0,0,0,0,0,0,0,0,1,
276,-0.001003,1.182112,-0.073078,0.076947,0.060274,-0.023154,-0.994942,-0.107232,0.762772,0.423195,-0.037914,-0.042693,0.452061,-0.890158,-0.031223,0.766249,0.429325,-0.001355,0.099919,-0.461975,-0.881246,0,0,0,0,0,0,0,1,0,0,1,
277,0.00101,1.184331,-0.074255,0.086102,0.058404,-0.018661,-0.994398,-0.107232,0.762772,0.423195,-0.037913,-0.042689,0.45206,-0.890158,-0.031223,0.766249,0.429325,-0.001355,0.099919,-0.461975,-0.881245,0,0,0,0,0,0,0,1,0,0,1,
278,0.003043,1.184417,-0.074957,0.088635,0.054448,-0.014013,-0.994476,-0.107232,0.762772,0.423195,-0.037915,-0.042693,0.452061,-0.890158,-0.031223,0.766249,0.429325,-0.001355,0.099919,-0.461975,-0.881245,1,0,0,0,0,0,0,0,0,0,1,
279,0.0014,1.185476,-0.076465,0.093542,0.056039,-0.018107,-0.993872,-0.107232,0.762772,0.423195,-0.037914,-0.042693,0.452061,-0.890158,-0.031223,0.766249,0.429325,-0.001354,0.099918,-0.461976,-0.881245,0,0,0,0,0,0,0,1,0,0,1,
280,-0.0021,1.184215,-0.076158,0.090789,0.06004,-0.025549,-0.99373,-0.107232,0.762772,0.423195,-0.037915,-0.042692,0.45206,-0.890158,-0.031223,0.766249,0.429325,-0.001355,0.099919,-0.461975,-0.881245,0,0,0,0,0,0,0,1,0,0,1,
281,-0.002709,1.181166,-0.072255,0.078093,0.057618,-0.029804,-0.994833,-0.107232,0.762772,0.423195,-0.037915,-0.042693,0.452061,-0.890158,-0.031223,0.766249,0.429325,-0.001355,0.099918,-0.461975,-0.881245,0,0,0,0,0,0,0,1,0,0,1,
282,-0.001886,1.182602,-0.072909,0.081289,0.055266,-0.027517,-0.994777,-0.107232,0.762772,0.423195,-0.037915,-0.042693,0.452061,-0.890158,-0.031223,0.766249,0.429325,-0.001354,0.099919,-0.461975,-0.881246,0,0,0,0,0,0,0,1,0,0,1,
283,0.000762,1.183402,-0.073787,0.086074,0.051296,-0.023015,-0.994701,-0.107232,0.762772,0.423195,-0.037915,-0.042692,0.452061,-0.890158,-0.031223,0.766249,0.429325,-0.001355,0.099918,-0.461976,-0.881245,1,0,0,0,0,0,0,0,0,0,1,
284,-0.001432,1.179465,-0.069774,0.07147,0.045766,-0.034064,-0.99581,-0.107232,0.762772,0.423195,-0.037914,-0.042693,0.452061,-0.890158,-0.031223,0.766249,0.429325,-0.001355,0.099918,-0.461975,-0.881246,0,0,0,0,0,0,0,1,0,0,1,
285,0.008565,1.180521,-0.069236,0.07178,0.01204,-0.025891,-0.997012,-0.107232,0.762772,0.423195,-0.037915,-0.042693,0.452062,-0.890157,-0.031223,0.766249,0.429325,-0.001355,0.099919,-0.461975,-0.881245,0,0,0,0,0,0,0,1,0,0,1,
286,0.007673,1.182062,-0.070796,0.084738,0.023281,-0.020066,-0.995929,-0.107232,0.762772,0.423195,-0.037915,-0.042693,0.452061,-0.890158,-0.031223,0.766249,0.429325,-0.001355,0.099919,-0.461975,-0.881245,0,0,0,0,0,0,0,1,0,0,1,
287,0.012011,1.181584,-0.069639,0.082852,0.020332,-0.008077,-0.996322,-0.107232,0.762772,0.423195,-0.037915,-0.042693,0.452061,-0.890158,-0.031223,0.766249,0.429325,-0.001355,0.099919,-0.461975,-0.881245,0,0,0,0,0,0,0,1,0,0,1,
288,0.014812,1.18184,-0.070088,0.084056,0.016503,-0.002488,-0.996321,-0.107232,0.762772,0.423195,-0.037915,-0.042693,0.452061,-0.890158,-0.031223,0.766249,0.429325,-0.001355,0.099919,-0.461975,-0.881245,1,0,0,0,0,0,0,0,0,0,1,
289,0.003254,1.180468,-0.069365,0.081383,0.035882,-0.022062,-0.995792,-0.107232,0.762772,0.423195,-0.037915,-0.042692,0.452061,-0.890158,-0.031223,0.766249,0.429325,-0.001355,0.099919,-0.461975,-0.881245,1,0,0,0,0,0,0,0,0,0,1,
290,0.003534,1.179169,-0.06748,0.075307,0.038047,-0.022099,-0.996189,-0.107232,0.762772,0.423195,-0.037914,-0.042692,0.45206,-0.890158,-0.031223,0.766249,0.429325,-0.001355,0.099919,-0.461975,-0.881245,1,0,0,0,0,0,0,0,0,0,0,
291,0.003952,1.178128,-0.065761,0.070392,0.035021,-0.017973,-0.996742,-0.107232,0.762772,0.423195,-0.037914,-0.042693,0.452061,-0.890158,-0.031223,0.766249,0.429325,-0.001355,0.099919,-0.461974,-0.881246,1,0,0,0,0,0,0,0,0,0,0,
292,-0.000364,1.180735,-0.070368,0.082681,0.048347,-0.021606,-0.995168,-0.107232,0.762772,0.423195,-0.037915,-0.042692,0.452061,-0.890158,-0.031223,0.766249,0.429325,-0.001355,0.099918,-0.461975,-0.881246,0,0,0,0,0,0,0,1,0,0,0,
293,0.001014,1.179667,-0.068303,0.07926,0.046462,-0.018334,-0.995602,-0.107232,0.762772,0.423195,-0.037915,-0.042692,0.452061,-0.890158,-0.031223,0.766249,0.429325,-0.001355,0.099919,-0.461975,-0.881245,0,0,0,0,0,0,0,1,0,0,0,
294,0.003661,1.17857,-0.066254,0.072651,0.039333,-0.013098,-0.996495,-0.107232,0.762772,0.423195,-0.037914,-0.042693,0.452061,-0.890158,-0.031223,0.766249,0.429325,-0.001355,0.099918,-0.461975,-0.881246,0,0,0,0,0,0,0,1,0,0,0,
295,0.024953,1.179778,-0.066721,0.078019,-0.126667,-0.081175,-0.985535,-0.107232,0.762772,0.423195,-0.037915,-0.042692,0.452061,-0.890158,-0.031223,0.766249,0.429325,-0.001355,0.099919,-0.461975,-0.881245,0,0,0,0,0,0,0,1,0,0,0,
296,0.000469,1.183831,-0.070138,0.111289,-0.049225,-0.096946,-0.987822,-0.107232,0.762772,0.423195,-0.037915,-0.042692,0.452061,-0.890158,-0.031223,0.766249,0.429325,-0.001356,0.099918,-0.461975,-0.881246,1,0,0,0,0,0,0,0,0,0,0,
297,-0.005273,1.162609,-0.057734,-0.006667,-0.001576,-0.051686,-0.99864,-0.107232,0.762772,0.423195,-0.037915,-0.042692,0.452061,-0.890158,-0.031223,0.766249,0.429325,-0.001355,0.099918,-0.461975,-0.881245,1,0,0,0,0,0,0,0,0,0,0,
298,-0.003136,1.17899,-0.074772,0.098996,0.003363,-0.045044,-0.994062,-0.107232,0.762772,0.423195,-0.037913,-0.042694,0.452062,-0.890157,-0.031223,0.766249,0.429325,-0.001355,0.099919,-0.461975,-0.881245,1,0,0,0,0,0,0,0,0,0,0,
299,-0.009063,1.173619,-0.070991,0.098638,0.013672,-0.053005,-0.993617,-0.107232,0.762772,0.423195,-0.037915,-0.042693,0.452061,-0.890158,-0.031223,0.766249,0.429325,-0.001355,0.099919,-0.461975,-0.881245,1,0,0,0,0,0,0,0,0,0,0,
300,0.000205,1.164846,-0.05566,0.056015,-0.053342,-0.037654,-0.996293,-0.107232,0.762772,0.423195,-0.037915,-0.042693,0.452061,-0.890158,-0.031223,0.766249,0.429325,-0.001354,0.099918,-0.461974,-0.881246,0,0,0,0,0,0,0,1,0,0,0,
301,0.004555,1.169903,-0.073146,0.097162,-0.029354,-0.017267,-0.994686,-0.107232,0.762772,0.423195,-0.037914,-0.042693,0.452061,-0.890158,-0.031223,0.766249,0.429325,-0.001355,0.099918,-0.461974,-0.881246,0,0,0,0,0,0,0,1,0,0,0,
302,0.005884,1.173951,-0.087104,0.125286,0.031816,0.017658,-0.991453,-0.107232,0.762772,0.423195,-0.037915,-0.042693,0.45206,-0.890158,-0.031223,0.766249,0.429325,-0.001355,0.099919,-0.461975,-0.881245,1,0,0,0,0,0,0,0,0,0,0,
303,-0.024539,1.164415,-0.075581,0.085954,0.131161,-0.024502,-0.987324,-0.107232,0.762772,0.423195,-0.037914,-0.042693,0.452062,-0.890157,-0.031223,0.766249,0.429325,-0.001355,0.099919,-0.461973,-0.881246,0,0,0,0,0,0,0,1,0,0,0,
304,-0.038031,1.141944,-0.069544,-0.043319,0.193788,-0.061189,-0.978175,-0.107232,0.762772,0.423195,-0.037915,-0.042692,0.452061,-0.890158,-0.031223,0.766249,0.429325,-0.001354,0.099919,-0.461976,-0.881245,1,0,0,0,0,0,0,0,0,0,0,
305,-0.049524,1.137077,-0.066562,-0.066136,0.215166,-0.074054,-0.971517,-0.107232,0.762772,0.423195,-0.037915,-0.042693,0.452061,-0.890158,-0.031223,0.766249,0.429325,-0.001355,0.099918,-0.461975,-0.881246,1,0,0,0,0,0,0,0,0,0,0,
306,-0.013433,1.161834,-0.062305,0.046327,0.053688,-0.03052,-0.997016,-0.107232,0.762772,0.423195,-0.037915,-0.042693,0.452061,-0.890158,-0.031223,0.766249,0.429325,-0.001355,0.099919,-0.461975,-0.881245,1,0,0,0,0,0,0,0,0,0,0,
307,-0.01456,1.1566,-0.068445,0.024471,0.085938,-0.040223,-0.995187,-0.107232,0.762772,0.423195,-0.037915,-0.042693,0.452061,-0.890158,-0.031223,0.766249,0.429325,-0.001355,0.099919,-0.461975,-0.881245,1,0,0,0,0,0,0,0,0,0,0,
308,-0.017825,1.164746,-0.074024,0.080738,0.078917,-0.036108,-0.99295,-0.107232,0.762772,0.423195,-0.037915,-0.042693,0.452061,-0.890158,-0.031223,0.766249,0.429325,-0.001355,0.099919,-0.461975,-0.881245,1,0,0,0,0,0,0,0,0,0,0,
309,0.00542,1.17001,-0.072104,0.118332,0.005047,-0.002107,-0.992959,-0.107232,0.762772,0.423195,-0.037915,-0.042693,0.452061,-0.890158,-0.031223,0.766249,0.429325,-0.001355,0.09992,-0.461973,-0.881246,0,0,0,0,0,0,0,0,1,0,0,
310,0.007937,1.163694,-0.06608,0.084363,-0.029015,-0.034409,-0.995418,-0.107232,0.762772,0.423195,-0.037915,-0.042692,0.452061,-0.890158,-0.031222,0.766249,0.429327,-0.001386,0.099933,-0.461957,-0.881253,1,0,0,0,0,0,0,0,0,0,0,
311,0.010047,1.171338,-0.068738,0.12529,-0.061504,-0.04654,-0.989118,-0.107201,0.762743,0.423214,-0.037663,-0.041363,0.45269,-0.889911,0.159458,0.582442,0.290279,-0.016016,0.02153,-0.480411,-0.876633,0,0,0,0,0,0,0,1,0,0,0,
312,0.001559,1.133483,-0.022025,-0.056105,0.000312,-0.03021,-0.997968,0,0,0,0,0,0,0,0,0,0,0,0,0,0,0,0,0,0,0,0,0,1,0,0,0,
313,-0.012715,1.129806,-0.022615,-0.083937,0.047516,-0.03358,-0.994771,0,0,0,0,0,0,0,0,0,0,0,0,0,0,0,0,0,0,0,0,0,1,0,0,0,
314,-0.018539,1.132082,-0.028686,-0.068035,0.033489,-0.04648,-0.996037,0,0,0,0,0,0,0,0,0,0,0,0,0,0,0,0,0,0,0,0,0,1,0,0,0,
315,-0.015144,1.134796,-0.024879,-0.060712,0.036905,-0.027467,-0.997095,0,0,0,0,0,0,0,0,0,0,0,0,0,0,0,0,0,0,0,0,0,1,0,0,0,
316,0.03759,1.140413,-0.0136,-0.017953,-0.019818,0.05841,-0.997934,0,0,0,0,0,0,0,0,0,0,0,0,0,0,1,0,0,0,0,0,0,0,0,0,0,
317,0.008691,1.13744,-0.027191,-0.038509,0.041836,-0.025587,-0.998054,0,0,0,0,0,0,0,0,0,0,0,0,0,0,1,0,0,0,0,0,0,0,0,0,0,