time,h_pos_x,h_pos_y,h_pos_z,h_rot_x,h_rot_y,h_rot_z,h_rot_w,l_pos_x,l_pos_y,l_pos_z,l_rot_x,l_rot_y,l_rot_z,l_rot_w,r_pos_x,r_pos_y,r_pos_z,r_rot_x,r_rot_y,r_rot_z,r_rot_w,pose_idle,pose_looking_up,pose_looking_down,pose_looking_left,pose_looking_right,pose_head_tilt_left,pose_head_tilt_right,pose_nodding,pose_shaking_no,pose_tilting_side,cybersickness
4,0.049781,1.221017,0.035599,0.131517,0.009781,-0.035883,0.990616,-0.09441,0.879701,0.315851,0.031857,-0.032825,-0.063995,-0.996901,0.143991,0.849443,0.277639,-0.071422,0.007667,-0.054007,0.995953,1,0,0,0,0,0,0,0,0,0,0
5,0.029124,1.2425,0.032764,0.051411,-0.015537,0.006947,0.998533,-0.058382,0.88198,0.292266,0.173043,-0.061591,0.176688,-0.966977,0.140073,0.85188,0.277276,-0.082652,0.023058,-0.051062,0.995002,1,0,0,0,0,0,0,0,0,0,0
6,0.01634,1.255976,0.021204,0.00263,-0.039989,0.004715,0.999186,-0.055674,0.881922,0.290822,0.17345,-0.067387,0.174974,-0.966829,0.126603,0.854761,0.278711,-0.068135,0.01588,-0.044136,0.996573,1,0,0,0,0,0,0,0,0,0,0
7,0.029915,1.251452,0.022601,0.019634,-0.018652,-0.018388,0.999464,-0.054141,0.880824,0.289601,0.175438,-0.072702,0.17979,-0.9652,0.125678,0.854166,0.27702,-0.075203,0.00566,-0.038013,0.996427,1,0,0,0,0,0,0,0,0,0,0
8,0.037004,1.245668,0.025721,0.041124,-0.00396,-0.025883,0.998811,-0.054214,0.880608,0.290118,0.174023,-0.072329,0.179372,-0.965562,0.124579,0.854364,0.279126,-0.063239,0.032132,-0.041407,0.996621,0,0,0,0,0,0,0,0,1,0,0
9,-0.002068,1.246776,-0.000937,0.041689,-0.003734,-0.021892,0.998884,-0.085229,0.88075,0.266308,0.176204,-0.082227,0.179154,-0.964414,0.093245,0.853904,0.251805,-0.068113,0.036385,-0.034347,0.996422,1,0,0,0,0,0,0,0,0,0,0
10,0.00318,1.245446,-0.000357,0.04215,0.005761,-0.026723,0.998737,-0.084042,0.880379,0.266058,0.176772,-0.083223,0.180629,-0.96395,0.097116,0.855753,0.249722,-0.089263,0.052012,-0.010436,0.994595,0,0,0,0,0,0,0,1,0,0,0
11,0.005348,1.246385,-0.000866,0.040414,0.024528,-0.011188,0.998819,-0.084138,0.879667,0.266074,0.176844,-0.082328,0.180641,-0.964011,0.098273,0.8541,0.250458,-0.087339,0.051691,-0.010474,0.994782,0,0,0,0,0,0,0,1,0,0,0
12,0.003564,1.247459,-0.00096,0.037433,0.020764,-0.00928,0.99904,-0.084357,0.880085,0.266095,0.178587,-0.082761,0.180966,-0.963591,0.097377,0.85328,0.250108,-0.088518,0.047474,-0.008666,0.994905,0,0,0,0,0,0,0,1,0,0,0
13,-0.004983,1.242333,0.002545,0.052022,0.007249,0.007106,0.998594,-0.084215,0.880105,0.265544,0.17908,-0.083121,0.181322,-0.963402,0.09643,0.852631,0.249133,-0.088566,0.039647,-0.007779,0.995251,0,0,0,0,0,0,0,1,0,0,0
14,-0.000692,1.23969,0.003457,0.063601,0.009597,-0.002364,0.997927,-0.083335,0.878696,0.265827,0.176454,-0.084162,0.18258,-0.963559,0.096664,0.851633,0.250117,-0.086063,0.042347,-0.00695,0.995365,0,0,0,0,0,0,0,1,0,0,0
15,-0.002182,1.243269,0.001831,0.053091,0.006453,-0.004837,0.998557,-0.084886,0.880307,0.266469,0.179016,-0.082486,0.181029,-0.963524,0.095858,0.852011,0.249853,-0.08777,0.040961,-0.004335,0.995289,0,0,0,0,0,0,0,1,0,0,0
16,0.000859,1.241757,0.002105,0.055663,0.009597,-0.008577,0.998367,-0.083792,0.880162,0.265718,0.179642,-0.08377,0.182334,-0.96305,0.095797,0.851742,0.249479,-0.090053,0.041385,0.000525,0.995077,0,0,0,0,0,0,0,1,0,0,0
17,0.000592,1.241197,0.002857,0.057704,0.010408,-0.008903,0.99824,-0.083376,0.88025,0.264938,0.180385,-0.085585,0.184396,-0.962359,0.095424,0.851268,0.248798,-0.093514,0.037063,0.001704,0.994926,0,0,0,0,0,0,0,1,0,0,0
18,-0.000573,1.241324,0.002296,0.058214,0.007839,-0.006707,0.998251,-0.082604,0.879581,0.265018,0.179393,-0.086922,0.18637,-0.962044,0.094785,0.850183,0.24939,-0.09074,0.034927,0.0034,0.995256,0,0,0,0,0,0,0,1,0,0,0
19,0.00015,1.241012,0.002713,0.059439,0.008935,-0.008425,0.998156,-0.08233,0.879674,0.264662,0.180288,-0.088835,0.187911,-0.961402,0.094057,0.850018,0.248952,-0.091283,0.032244,0.006058,0.995284,0,0,0,0,0,0,0,1,0,0,0
20,0.001476,1.242692,0.000299,0.057183,0.009647,-0.012343,0.998241,-0.082094,0.879662,0.264058,0.180543,-0.090499,0.189018,-0.960982,0.093487,0.849456,0.248764,-0.092884,0.031184,0.00874,0.99515,1,0,0,0,0,0,0,0,0,0,0
21,0.001022,1.243255,0.000506,0.05325,0.009842,-0.012552,0.998454,-0.081493,0.879254,0.26394,0.179763,-0.092133,0.190054,-0.960769,0.092775,0.849124,0.248734,-0.092522,0.032218,0.008841,0.99515,1,0,0,0,0,0,0,0,0,0,0
22,0.001817,1.243999,0.00061,0.050747,0.010243,-0.013999,0.998561,-0.080546,0.878951,0.263563,0.180702,-0.095429,0.194563,-0.959367,0.092649,0.849013,0.248546,-0.0953,0.029568,0.011559,0.994942,1,0,0,0,0,0,0,0,0,0,0
23,0.00956,1.240825,0.001815,0.058732,0.024192,-0.025724,0.997649,-0.078369,0.877496,0.262547,0.180147,-0.101204,0.197892,-0.958198,0.092856,0.848854,0.248376,-0.09489,0.030012,0.012704,0.994954,1,0,0,0,0,0,0,0,0,0,0
24,0.007153,1.239513,0.002858,0.062765,0.020529,-0.024155,0.997525,-0.078777,0.876973,0.262419,0.179645,-0.102239,0.198607,-0.958034,0.092034,0.848298,0.247952,-0.094787,0.029331,0.013402,0.994975,0,0,0,0,0,0,0,1,0,0,0
25,0.000523,1.243702,0.002567,0.049294,0.001722,-0.020632,0.99857,-0.0782,0.8772,0.26213,0.179818,-0.103394,0.199576,-0.957677,0.09202,0.848622,0.248047,-0.093916,0.030265,0.014264,0.995018,0,0,0,0,0,0,0,1,0,0,0
26,0.00701,1.243453,0.004039,0.04551,0.016115,-0.025759,0.998502,-0.077571,0.877214,0.261957,0.179976,-0.103863,0.199426,-0.957628,0.092234,0.848696,0.248059,-0.093886,0.029491,0.015644,0.995023,0,0,0,0,0,0,0,1,0,0,0
27,0.009734,1.240675,0.00428,0.055341,0.021839,-0.029583,0.99779,-0.077389,0.876819,0.261776,0.180574,-0.104641,0.200409,-0.957225,0.091452,0.847678,0.247793,-0.092992,0.025151,0.016886,0.995206,0,0,0,0,0,0,0,1,0,0,0
28,0.009976,1.241532,0.003668,0.054067,0.022653,-0.030772,0.997806,-0.077437,0.876755,0.261769,0.180342,-0.104835,0.201046,-0.957114,0.090528,0.84789,0.248031,-0.092281,0.037827,0.022921,0.99475,0,0,0,0,0,0,0,1,0,0,0
29,0.009374,1.239685,0.004292,0.059842,0.021036,-0.031026,0.997504,-0.077408,0.876674,0.261752,0.180553,-0.105038,0.201443,-0.956968,0.089399,0.84633,0.250559,-0.091415,0.071117,0.044063,0.992292,0,0,0,0,0,0,0,1,0,0,1
30,0.010583,1.239403,0.004256,0.062249,0.023156,-0.035641,0.997155,-0.077586,0.876784,0.261672,0.181022,-0.105624,0.201766,-0.956747,0.087982,0.845875,0.248608,-0.097807,0.061708,0.044739,0.992282,0,0,0,0,0,0,0,1,0,0,1
31,0.017199,1.239686,0.003818,0.059097,0.03533,-0.04549,0.996589,-0.076254,0.876179,0.261741,0.180438,-0.107502,0.202687,-0.956454,0.087514,0.845413,0.248091,-0.099222,0.054296,0.045334,0.992548,0,0,0,0,0,0,0,1,0,0,1
32,0.016799,1.243581,0.001466,0.046177,0.039445,-0.043743,0.997195,-0.075865,0.875902,0.260823,0.180921,-0.108652,0.203435,-0.956074,0.085645,0.84412,0.24822,-0.098017,0.063671,0.052675,0.991748,0,0,0,0,0,0,0,1,0,0,1
33,0.012786,1.245934,0.002327,0.036592,0.024818,-0.038257,0.998289,-0.074197,0.874972,0.259767,0.18135,-0.113022,0.208561,-0.95438,0.071632,0.839014,0.237405,-0.095976,-0.006596,0.068354,0.993012,1,0,0,0,0,0,0,0,0,0,1
34,-0.014646,1.27269,-0.015511,-0.069308,-0.072032,-0.018548,0.994818,-0.070216,0.871857,0.257424,0.180154,-0.120656,0.217971,-0.951565,0.064601,0.841332,0.221124,-0.109964,-0.119716,0.045256,0.985661,1,0,0,0,0,0,0,0,0,0,1
35,-0.082264,1.2824,-0.074637,-0.159256,-0.227262,0.112005,0.954172,-0.065448,0.872618,0.252279,0.183718,-0.134994,0.221533,-0.948128,0.056145,0.835351,0.214487,-0.111551,-0.143559,0.059677,0.981522,1,0,0,0,0,0,0,0,0,0,1
36,-0.086395,1.28403,-0.079822,-0.140718,-0.38073,0.01279,0.913827,-0.060276,0.867858,0.25113,0.179268,-0.145101,0.229095,-0.945687,0.056589,0.834359,0.214456,-0.118131,-0.139437,0.07207,0.980514,1,0,0,0,0,0,0,0,0,0,0
37,-0.069946,1.276345,-0.054724,-0.093388,-0.270231,0.022701,0.957987,-0.058138,0.869914,0.247207,0.182886,-0.154174,0.236841,-0.941642,0.052109,0.833016,0.214056,-0.119116,-0.141665,0.082234,0.979275,1,0,0,0,0,0,0,0,0,0,0
38,0.079139,1.27943,-0.065032,-0.104877,0.302035,-0.027127,0.947122,-0.051234,0.861804,0.244929,0.182724,-0.173364,0.254524,-0.933689,0.048148,0.832213,0.210076,-0.126867,-0.152245,0.092703,0.975773,1,0,0,0,0,0,0,0,0,0,0
39,0.021695,1.317492,-0.090663,-0.288315,0.0171,-0.047014,0.956228,-0.045511,0.856141,0.242579,0.180292,-0.185488,0.26786,-0.928084,0.045704,0.833792,0.205953,-0.129816,-0.160313,0.098658,0.973506,1,0,0,0,0,0,0,0,0,0,0
40,0.012023,1.324513,-0.102893,-0.310143,-0.031103,-0.027231,0.949791,-0.168461,1.327377,-0.186622,0.926947,0.054447,-0.017089,-0.370827,0.192153,1.307158,-0.156132,-0.9321,-0.180472,-0.045909,0.310665,1,0,0,0,0,0,0,0,0,0,0
41,4.2e-05,1.324084,-0.181146,-0.400636,-0.064613,0.007213,0.913928,-0.086545,1.262704,-0.319038,0.971375,-0.205034,0.062261,-0.102541,0.127845,1.285146,-0.278652,-0.918249,-0.359191,0.139213,0.091765,0,1,0,0,0,0,0,0,0,0,0
42,-0.007325,1.331254,-0.24203,-0.568317,-0.019315,0.044487,0.82138,-0.071874,1.250981,-0.328464,0.962803,-0.235791,0.120981,-0.052697,0.126947,1.278654,-0.311432,-0.933252,-0.316008,0.166285,0.039093,0,1,0,0,0,0,0,0,0,0,0
43,-0.00622,1.3232,-0.140616,-0.358049,-0.031328,0.027424,0.932774,-0.072485,1.311307,-0.287616,0.940991,-0.204869,0.066397,-0.261067,0.127688,1.341199,-0.271596,-0.919614,-0.293214,0.07732,0.249714,0,1,0,0,0,0,0,0,0,0,0
44,0.002338,1.239487,-0.028633,0.068078,-0.026498,0.073726,0.994599,-0.078076,1.374176,-0.189336,0.863448,-0.155951,-0.026787,-0.478977,0.128254,1.391172,-0.187109,-0.833508,-0.302647,0.058423,0.458536,0,0,0,0,0,0,0,1,0,0,0
45,0.011842,1.223105,0.00676,0.111472,0.007626,-0.026396,0.993388,-0.135067,0.948954,0.143092,0.03818,-0.00342,-0.047854,-0.998119,0.07485,0.840472,0.199774,-0.102528,-0.040945,0.020179,0.993682,0,0,0,0,0,0,0,1,0,0,0
46,0.024023,1.238787,0.006387,0.059444,0.036812,-0.019774,0.997357,-0.058221,0.84794,0.253217,-0.062298,-0.120044,-0.013268,-0.990723,0.127206,0.844945,0.235534,-0.0724,0.065244,-0.043067,0.994307,0,0,0,0,0,0,0,1,0,0,0
47,0.01179,1.23922,0.010017,0.055108,0.008966,0.000844,0.99844,-0.070064,0.852884,0.258326,-0.039104,-0.085348,-0.011971,-0.995512,0.12848,0.839542,0.236922,-0.052564,0.074153,-0.071701,0.993276,1,0,0,0,0,0,0,0,0,0,0
48,0.022519,1.229126,0.013382,0.094302,0.045522,-0.004922,0.99449,-0.071252,0.854151,0.25845,-0.033412,-0.070549,-0.01687,-0.996806,0.120506,0.843372,0.240676,-0.031298,0.145036,-0.046313,0.987846,0,0,0,0,0,0,0,1,0,0,1
49,0.017029,1.22393,0.014096,0.117719,0.031501,-0.003813,0.99254,-0.0739,0.856984,0.258898,-0.021289,-0.044652,-0.012855,-0.998693,0.112403,0.846598,0.236283,-0.013374,0.122776,-0.060967,0.99047,0,0,0,0,0,0,0,1,0,0,1
50,0.009064,1.225979,0.015789,0.109918,0.013712,0.004316,0.993837,-0.071875,0.857833,0.257031,-0.019315,-0.049516,-0.014959,-0.998475,0.107558,0.850297,0.23206,-0.025479,0.109432,-0.062732,0.991686,0,0,0,0,0,0,0,1,0,0,1
51,0.008587,1.226197,0.014651,0.107915,0.01094,0.002912,0.994096,-0.06931,0.857783,0.255074,-0.017969,-0.051911,-0.011527,-0.998424,0.106276,0.849062,0.231115,-0.030135,0.104893,-0.052642,0.992632,0,0,0,0,0,0,0,1,0,0,1
52,0.013209,1.226146,0.014641,0.108922,0.018622,-0.002755,0.993872,-0.0671,0.856619,0.254593,-0.018689,-0.052299,-0.010172,-0.998405,0.106372,0.848257,0.2312,-0.032469,0.102286,-0.049716,0.992981,1,0,0,0,0,0,0,0,0,0,0
53,0.007858,1.228592,0.014907,0.100382,0.008288,0.001434,0.994913,-0.067691,0.857138,0.254228,-0.017479,-0.054251,-0.009501,-0.998329,0.104106,0.848096,0.230169,-0.033244,0.099171,-0.046511,0.993427,1,0,0,0,0,0,0,0,0,0,0
54,0.010698,1.227432,0.01445,0.102571,0.011107,-0.005941,0.994646,-0.065141,0.856264,0.25321,-0.018267,-0.057377,-0.0071,-0.99816,0.103715,0.847722,0.229793,-0.03612,0.096533,-0.045559,0.99363,1,0,0,0,0,0,0,0,0,0,0
55,0.011288,1.225907,0.014414,0.10831,0.011841,-0.006106,0.994028,-0.063874,0.855742,0.252436,-0.019778,-0.06031,-0.006852,-0.99796,0.103157,0.847146,0.229056,-0.035264,0.093976,-0.045127,0.993926,1,0,0,0,0,0,0,0,0,0,0
56,0.008899,1.225512,0.015163,0.110729,0.005756,-0.005545,0.993819,-0.063925,0.856114,0.25198,-0.016502,-0.061101,-0.004232,-0.997986,0.10196,0.846805,0.228898,-0.036232,0.092128,-0.042884,0.994163,0,0,0,0,0,0,0,1,0,0,0
57,0.008028,1.226758,0.013711,0.106988,0.004807,-0.004172,0.99424,-0.062714,0.85628,0.250892,-0.016301,-0.063386,-0.003569,-0.99785,0.101586,0.846838,0.228475,-0.036264,0.09172,-0.041343,0.994265,0,0,0,0,0,0,0,1,0,0,0
58,0.008158,1.227157,0.013967,0.105329,0.004872,-0.001494,0.994424,-0.061401,0.856084,0.25068,-0.017511,-0.064842,-0.003296,-0.997737,0.101046,0.846413,0.22806,-0.036663,0.089852,-0.038895,0.99452,0,0,0,0,0,0,0,1,0,0,0
59,0.007477,1.228428,0.013875,0.101921,0.004863,0.000489,0.994781,-0.061452,0.855976,0.250687,-0.017903,-0.065297,-0.003224,-0.9977,0.100172,0.845905,0.228014,-0.035799,0.087519,-0.034793,0.994911,0,0,0,0,0,0,0,1,0,0,0
60,0.004207,1.227204,0.014718,0.104545,0.001046,0.007332,0.994493,-0.060754,0.855971,0.250413,-0.017581,-0.067014,-0.003042,-0.997592,0.099194,0.8451,0.227703,-0.034478,0.08294,-0.030555,0.995489,0,0,0,0,0,0,0,1,0,0,0
61,0.005674,1.225661,0.014686,0.110136,0.002569,0.003925,0.993906,-0.060068,0.855318,0.25,-0.019854,-0.069111,-0.002787,-0.997407,0.098941,0.844193,0.227745,-0.032971,0.081807,-0.028572,0.995693,0,0,0,0,0,0,0,1,0,0,0
62,0.006599,1.226716,0.014615,0.107771,0.003629,0.00167,0.994168,-0.05994,0.855603,0.249729,-0.019734,-0.06955,-0.001848,-0.997382,0.098506,0.844445,0.227336,-0.034862,0.08046,-0.026937,0.995784,0,0,0,0,0,0,0,1,0,0,0
63,0.005866,1.22734,0.014299,0.105894,0.002954,0.004108,0.994365,-0.059788,0.855368,0.249761,-0.019243,-0.068612,-0.001401,-0.997457,0.098178,0.844523,0.227109,-0.035164,0.079437,-0.02598,0.995881,0,0,0,0,0,0,0,1,0,0,0
64,0.005655,1.227766,0.013531,0.104389,0.003155,0.005935,0.994514,-0.059381,0.855585,0.249665,-0.019739,-0.068406,-0.001745,-0.997461,0.09835,0.844325,0.227153,-0.035293,0.077966,-0.02495,0.996019,0,0,0,0,0,0,0,1,0,0,0
65,0.004997,1.229434,0.012257,0.099878,0.002255,0.005819,0.99498,-0.058945,0.855032,0.249436,-0.020703,-0.070173,-0.001062,-0.99732,0.0979,0.844097,0.227124,-0.035328,0.077731,-0.023795,0.996064,0,0,0,0,0,0,0,1,0,0,0
66,0.00546,1.22776,0.012744,0.103599,0.002675,0.004306,0.994606,-0.05901,0.854732,0.249097,-0.02067,-0.070666,-0.000807,-0.997286,0.097406,0.843831,0.22673,-0.03662,0.076697,-0.021873,0.996142,0,0,0,0,0,0,0,1,0,0,0
67,0.00484,1.227502,0.012326,0.104566,0.001231,0.005435,0.994502,-0.0589,0.85499,0.2489,-0.020554,-0.070869,-0.000827,-0.997274,0.097085,0.8434,0.226474,-0.037716,0.075872,-0.020282,0.996198,0,0,0,0,0,0,0,1,0,0,0
68,0.005868,1.228362,0.012072,0.103166,0.002688,0.003908,0.994653,-0.058353,0.854574,0.249126,-0.021878,-0.071247,-0.0006,-0.997219,0.096903,0.843247,0.226682,-0.036903,0.074541,-0.019943,0.996335,1,0,0,0,0,0,0,0,0,0,0
69,0.004388,1.228835,0.013314,0.100307,0.001665,0.005826,0.994938,-0.059028,0.855047,0.249016,-0.021258,-0.071167,-0.000881,-0.997237,0.096197,0.843212,0.226312,-0.037548,0.073762,-0.019093,0.996386,1,0,0,0,0,0,0,0,0,0,0
70,0.00442,1.228629,0.013883,0.100403,0.001443,0.006525,0.994924,-0.058746,0.855112,0.249049,-0.021239,-0.071785,-0.000993,-0.997193,0.096407,0.842904,0.226365,-0.038208,0.073367,-0.018389,0.996403,1,0,0,0,0,0,0,0,0,0,0
71,0.005159,1.227471,0.013335,0.103785,0.002152,0.005011,0.994585,-0.05815,0.854966,0.248555,-0.021936,-0.072519,-0.000594,-0.997126,0.096475,0.843036,0.226054,-0.038504,0.073056,-0.017749,0.996426,0,0,0,0,0,0,0,1,0,0,0
72,0.004446,1.22846,0.012762,0.102523,0.000398,0.006143,0.994712,-0.058018,0.854874,0.248523,-0.022681,-0.072709,-0.000319,-0.997095,0.095911,0.842771,0.225758,-0.038382,0.071408,-0.015915,0.996581,0,0,0,0,0,0,0,1,0,0,0
73,0.005548,1.22958,0.012714,0.099597,0.002801,0.005521,0.995009,-0.05751,0.855101,0.248665,-0.022621,-0.072364,-6.5e-05,-0.997122,0.096234,0.843135,0.226056,-0.038795,0.071949,-0.016149,0.996523,0,0,0,0,0,0,0,1,0,0,0
74,0.005374,1.2285,0.012315,0.101746,0.003399,0.005345,0.99479,-0.057691,0.85456,0.248389,-0.022719,-0.072373,0.000417,-0.997119,0.096742,0.843236,0.22623,-0.041378,0.075032,-0.016347,0.996188,0,0,0,0,0,0,0,1,0,0,0
75,0.00449,1.230067,0.01117,0.097287,0.002482,0.009091,0.995212,-0.057284,0.854009,0.248294,-0.023717,-0.073223,0.000661,-0.997033,0.096559,0.842994,0.226443,-0.039735,0.074715,-0.016922,0.996269,0,0,0,0,0,0,0,1,0,0,0
76,0.003971,1.229291,0.013502,0.096506,0.002156,0.005648,0.995314,-0.05709,0.854468,0.247757,-0.023457,-0.074314,0.000543,-0.996959,0.096159,0.843256,0.226016,-0.041282,0.073412,-0.018187,0.996281,0,0,0,0,0,0,0,1,0,0,0
77,0.004004,1.229564,0.013388,0.094957,0.001477,0.005887,0.995463,-0.057393,0.854611,0.247865,-0.022997,-0.073403,0.000781,-0.997037,0.096654,0.843584,0.226153,-0.04186,0.074361,-0.0173,0.996202,0,0,0,0,0,0,0,1,0,0,0
78,0.00418,1.229595,0.012551,0.094601,0.002151,0.009381,0.995469,-0.05706,0.854313,0.247819,-0.023017,-0.074107,0.001308,-0.996984,0.096531,0.843374,0.225916,-0.041958,0.073586,-0.01686,0.996263,0,0,0,0,0,0,0,1,0,0,0
79,0.004305,1.230129,0.011784,0.094227,0.004133,0.011835,0.995472,-0.056351,0.853585,0.247843,-0.024395,-0.07499,0.001618,-0.996884,0.096655,0.843024,0.226381,-0.041117,0.074853,-0.017939,0.996185,0,0,0,0,0,0,0,1,0,0,0
80,0.002144,1.231197,0.010127,0.091093,-0.000111,0.012782,0.99576,-0.05633,0.853876,0.24714,-0.023685,-0.075733,0.001916,-0.996845,0.096291,0.843107,0.225996,-0.043392,0.074584,-0.016693,0.99613,0,0,0,0,0,0,0,1,0,0,0
81,0.00269,1.232095,0.010351,0.087781,0.000457,0.011499,0.996073,-0.056,0.854035,0.247375,-0.023455,-0.075679,0.00213,-0.996854,0.096337,0.843107,0.226177,-0.043702,0.07418,-0.015442,0.996167,0,0,0,0,0,0,0,1,0,0,0
82,0.004531,1.23077,0.009068,0.090453,0.004376,0.007635,0.995862,-0.05582,0.853828,0.247006,-0.022967,-0.074922,0.00321,-0.99692,0.09643,0.842874,0.225942,-0.044163,0.07454,-0.01408,0.99614,0,0,0,0,0,0,0,1,0,0,0
83,0.006834,1.230845,0.009189,0.092808,0.00816,0.005647,0.995635,-0.055715,0.853441,0.247351,-0.024186,-0.075544,0.003216,-0.996844,0.096764,0.842506,0.226491,-0.043031,0.074379,-0.014067,0.996202,1,0,0,0,0,0,0,0,0,0,0
84,0.004311,1.232127,0.009562,0.089794,0.003845,0.008382,0.995918,-0.056408,0.853619,0.247528,-0.023991,-0.075279,0.00297,-0.996869,0.095782,0.842727,0.22591,-0.044053,0.073569,-0.013086,0.996231,1,0,0,0,0,0,0,0,0,0,0
85,0.005006,1.231655,0.00988,0.090008,0.004034,0.008211,0.995899,-0.05577,0.853538,0.247266,-0.024487,-0.076117,0.003129,-0.996793,0.095987,0.842764,0.225768,-0.043989,0.07297,-0.012859,0.996281,1,0,0,0,0,0,0,0,0,0,0
86,0.008961,1.230547,0.011427,0.092739,0.010032,0.001765,0.995638,-0.054945,0.852976,0.247008,-0.025051,-0.076831,0.003813,-0.996722,0.096399,0.842769,0.225718,-0.044786,0.072736,-0.012754,0.996264,1,0,0,0,0,0,0,0,0,0,0
87,0.007404,1.229633,0.010483,0.095781,0.007461,0.003678,0.995368,-0.055316,0.853065,0.24678,-0.025492,-0.076865,0.003249,-0.99671,0.095599,0.842447,0.225425,-0.043431,0.072042,-0.012529,0.996377,0,0,0,0,0,0,0,1,0,0,0
88,0.006022,1.230339,0.011129,0.094912,0.005572,0.004226,0.995461,-0.055416,0.853796,0.246995,-0.025428,-0.077179,0.003241,-0.996688,0.095258,0.842887,0.225586,-0.04319,0.071826,-0.011715,0.996413,0,0,0,0,0,0,0,1,0,0,0
89,0.008059,1.229388,0.011664,0.096128,0.009037,0.002583,0.995325,-0.05499,0.85348,0.246931,-0.025872,-0.077204,0.003168,-0.996675,0.095599,0.8425,0.225583,-0.043739,0.071689,-0.011264,0.996404,0,0,0,0,0,0,0,1,0,0,0
90,0.006085,1.230445,0.010937,0.093112,0.006589,0.007782,0.995603,-0.054937,0.852765,0.2467,-0.027255,-0.077542,0.003327,-0.996611,0.094981,0.842237,0.225445,-0.042434,0.071582,-0.011774,0.996462,0,0,0,0,0,0,0,1,0,0,0
91,0.004702,1.231503,0.011304,0.090702,0.004351,0.009419,0.995824,-0.054952,0.853065,0.246722,-0.026331,-0.077955,0.003498,-0.996603,0.094914,0.842657,0.225177,-0.042692,0.07103,-0.011531,0.996494,0,0,0,0,0,0,0,1,0,0,0
92,0.004436,1.230386,0.01112,0.092572,0.003183,0.009782,0.995653,-0.05491,0.853208,0.246582,-0.02602,-0.078045,0.00369,-0.996603,0.094835,0.842511,0.225268,-0.042761,0.070956,-0.010628,0.996506,0,0,0,0,0,0,0,1,0,0,0
93,0.005591,1.231712,0.010534,0.090015,0.005001,0.008447,0.995892,-0.054034,0.852868,0.246328,-0.02737,-0.078848,0.003287,-0.996505,0.094783,0.84197,0.225121,-0.040828,0.069619,-0.011056,0.996677,0,0,0,0,0,0,0,1,0,0,0
94,0.005702,1.231266,0.011294,0.090306,0.006039,0.008121,0.995863,-0.054513,0.853195,0.246488,-0.026565,-0.078348,0.003794,-0.996565,0.094702,0.842545,0.225119,-0.042327,0.070036,-0.010912,0.996586,0,0,0,0,0,0,0,1,0,0,0
95,0.005392,1.23139,0.010776,0.090238,0.005604,0.007969,0.995873,-0.054137,0.852781,0.246292,-0.026376,-0.079377,0.004477,-0.996486,0.095122,0.842418,0.225525,-0.042564,0.070926,-0.010737,0.996515,0,0,0,0,0,0,0,1,0,0,0
96,0.005147,1.230484,0.00994,0.09254,0.005308,0.009091,0.995653,-0.053617,0.851887,0.246093,-0.02784,-0.080056,0.004374,-0.996392,0.094991,0.842038,0.225387,-0.040938,0.071163,-0.010674,0.996567,0,0,0,0,0,0,0,1,0,0,0
97,0.003964,1.230588,0.011317,0.093155,0.003676,0.009957,0.995595,-0.054494,0.853031,0.246321,-0.026904,-0.080174,0.00306,-0.996413,0.09447,0.842302,0.225259,-0.04149,0.070301,-0.009996,0.996613,0,0,0,0,0,0,0,1,0,0,0
98,0.003979,1.229945,0.010975,0.094952,0.003757,0.00876,0.995436,-0.054225,0.85335,0.245704,-0.026459,-0.080175,0.003443,-0.996424,0.094444,0.842119,0.224872,-0.042198,0.069815,-0.009119,0.996625,0,0,0,0,0,0,0,1,0,0,0
99,0.006238,1.230114,0.011011,0.095687,0.007346,0.006727,0.995362,-0.053326,0.8523,0.245997,-0.028431,-0.080391,0.004154,-0.996349,0.095056,0.842047,0.225306,-0.040991,0.070395,-0.009342,0.996633,1,0,0,0,0,0,0,0,0,0,0
100,0.004607,1.23114,0.011408,0.091985,0.004562,0.008012,0.995718,-0.05428,0.853038,0.246281,-0.027234,-0.080166,0.004176,-0.996401,0.094448,0.84243,0.225185,-0.041601,0.069083,-0.00916,0.996701,1,0,0,0,0,0,0,0,0,0,0
101,0.004976,1.231084,0.011044,0.091682,0.004886,0.006703,0.995754,-0.053738,0.853327,0.246134,-0.026906,-0.080757,0.004418,-0.996361,0.094514,0.842543,0.225261,-0.042143,0.068922,-0.008354,0.996697,1,0,0,0,0,0,0,0,0,0,0
102,0.005768,1.229635,0.011221,0.09548,0.005814,0.006685,0.995392,-0.053508,0.852602,0.245776,-0.02758,-0.080941,0.004244,-0.996328,0.094317,0.841746,0.224823,-0.041874,0.068231,-0.006681,0.996768,0,0,0,0,0,0,0,1,0,0,0
103,0.004534,1.228318,0.013767,0.100015,0.003292,0.007752,0.99495,-0.054166,0.853244,0.246149,-0.027235,-0.081224,0.004156,-0.996315,0.093713,0.841775,0.224933,-0.042061,0.067434,-0.00622,0.996817,0,0,0,0,0,0,0,1,0,0,0
104,0.004963,1.229235,0.01276,0.09663,0.003533,0.007685,0.995284,-0.053535,0.853086,0.245688,-0.027554,-0.081468,0.004469,-0.996285,0.094016,0.841974,0.224616,-0.04373,0.067099,-0.005153,0.996774,0,0,0,0,0,0,0,1,0,0,0
105,0.005453,1.229141,0.012909,0.097076,0.004621,0.007015,0.995242,-0.053587,0.852855,0.246069,-0.027729,-0.081765,0.004564,-0.996255,0.093871,0.841707,0.224954,-0.043497,0.067204,-0.005148,0.996777,0,0,0,0,0,0,0,1,0,0,0
106,0.005637,1.23008,0.012275,0.095982,0.005156,0.006342,0.995349,-0.053234,0.85255,0.245757,-0.028538,-0.082059,0.005424,-0.996204,0.093901,0.841838,0.224869,-0.04337,0.067163,-0.005646,0.996783,0,0,0,0,0,0,0,1,0,0,0
107,0.004155,1.229635,0.011967,0.096074,0.002603,0.008602,0.995334,-0.053435,0.852899,0.245574,-0.028034,-0.0823,0.004895,-0.996201,0.093807,0.841749,0.224595,-0.043374,0.066931,-0.005619,0.996799,0,0,0,0,0,0,0,1,0,0,0
108,0.004734,1.230046,0.012285,0.0951,0.003884,0.007637,0.995431,-0.053366,0.852693,0.245754,-0.028347,-0.082526,0.005045,-0.996173,0.093819,0.841912,0.224722,-0.043249,0.066805,-0.005447,0.996813,0,0,0,0,0,0,0,1,0,0,0
109,0.00473,1.230602,0.011492,0.093404,0.00429,0.008242,0.995585,-0.052943,0.852412,0.245711,-0.029578,-0.083003,0.005233,-0.996097,0.093467,0.841725,0.224869,-0.042404,0.066681,-0.005513,0.996858,0,0,0,0,0,0,0,1,0,0,0
110,0.004311,1.230376,0.011689,0.093424,0.003602,0.008756,0.995581,-0.053227,0.852603,0.245655,-0.028881,-0.082789,0.005003,-0.996136,0.093524,0.841873,0.224582,-0.043077,0.066481,-0.004988,0.996845,0,0,0,0,0,0,0,1,0,0,0
111,0.004484,1.230741,0.011099,0.092883,0.004213,0.008846,0.995629,-0.05305,0.852622,0.245539,-0.02868,-0.082479,0.005346,-0.996166,0.093525,0.841818,0.224489,-0.043466,0.066312,-0.004543,0.996841,0,0,0,0,0,0,0,1,0,0,0
112,0.004347,1.231346,0.010684,0.091208,0.00348,0.0085,0.99579,-0.05322,0.852799,0.245733,-0.02889,-0.081913,0.00535,-0.996206,0.093415,0.841388,0.224703,-0.04284,0.065685,-0.004506,0.99691,0,0,0,0,0,0,0,1,0,0,0
113,0.004177,1.230788,0.011327,0.092936,0.003693,0.008757,0.995627,-0.053127,0.852647,0.245353,-0.029181,-0.082152,0.005486,-0.996177,0.093309,0.841358,0.224296,-0.043777,0.064921,-0.003796,0.996923,0,0,0,0,0,0,0,1,0,0,0
114,0.004271,1.229715,0.011033,0.095719,0.00378,0.009617,0.995355,-0.052909,0.852397,0.24554,-0.029141,-0.082658,0.00578,-0.996135,0.093322,0.840832,0.22461,-0.047748,0.066074,-0.001451,0.996671,0,0,0,0,0,0,0,1,0,0,0
115,0.004755,1.230972,0.010942,0.093298,0.004308,0.008692,0.995591,-0.052645,0.852837,0.2453,-0.028973,-0.083077,0.005849,-0.996105,0.093393,0.841289,0.224378,-0.047656,0.065942,-0.001329,0.996684,1,0,0,0,0,0,0,0,0,0,0
116,0.004408,1.231175,0.01072,0.092229,0.004368,0.009135,0.995686,-0.052605,0.85211,0.24562,-0.030387,-0.083649,0.006264,-0.996012,0.092995,0.841079,0.22491,-0.046863,0.065859,-0.000957,0.996727,1,0,0,0,0,0,0,0,0,0,0
117,0.004375,1.230142,0.011022,0.09385,0.004085,0.008998,0.995537,-0.052531,0.851915,0.24535,-0.030323,-0.08418,0.006099,-0.99597,0.093133,0.84089,0.224379,-0.047396,0.065307,-0.000424,0.996739,1,0,0,0,0,0,0,0,0,0,0
118,0.004767,1.229518,0.011493,0.096319,0.003659,0.008248,0.99531,-0.05219,0.851771,0.245078,-0.030806,-0.084508,0.006111,-0.995928,0.093105,0.840718,0.22403,-0.047661,0.064518,-0.000172,0.996778,0,0,0,0,0,0,0,1,0,0,0
119,0.003819,1.229112,0.011235,0.098986,0.002689,0.00981,0.995037,-0.052061,0.851517,0.245097,-0.03186,-0.084879,0.006434,-0.995861,0.092905,0.840364,0.224365,-0.046449,0.064998,-0.000421,0.996804,0,0,0,0,0,0,0,1,0,0,0
120,0.003898,1.228996,0.011871,0.099523,0.002989,0.009236,0.994988,-0.052056,0.851561,0.245255,-0.031489,-0.085231,0.006338,-0.995843,0.093031,0.84072,0.224304,-0.046992,0.064675,-5.3e-05,0.996799,0,0,0,0,0,0,0,1,0,0,0
121,0.003584,1.229306,0.011295,0.098374,0.002982,0.010532,0.995089,-0.052038,0.851959,0.24504,-0.031305,-0.085515,0.006479,-0.995824,0.092879,0.840715,0.224236,-0.047192,0.064955,0.000456,0.996772,0,0,0,0,0,0,0,1,0,0,0
122,0.003309,1.229973,0.010829,0.09659,0.00225,0.011359,0.995257,-0.051729,0.851656,0.245009,-0.032098,-0.085418,0.006564,-0.995806,0.092827,0.8405,0.224235,-0.046563,0.064594,0.000415,0.996825,0,0,0,0,0,0,0,1,0,0,0
123,0.003161,1.229698,0.011389,0.097329,0.002465,0.011767,0.99518,-0.052077,0.851821,0.245201,-0.031863,-0.085204,0.006371,-0.995834,0.092787,0.840433,0.224283,-0.046798,0.064362,0.001045,0.996828,0,0,0,0,0,0,0,1,0,0,0
124,0.003298,1.230578,0.01107,0.09592,0.002222,0.011475,0.99532,-0.051956,0.852265,0.245182,-0.031462,-0.084845,0.006314,-0.995877,0.092485,0.840399,0.22393,-0.049505,0.06312,0.005231,0.996764,0,0,0,0,0,0,0,1,0,0,0
125,0.00322,1.231637,0.010622,0.090222,0.003287,0.013771,0.995821,-0.051886,0.851674,0.245094,-0.032671,-0.085197,0.006502,-0.995807,0.09209,0.840203,0.224039,-0.048856,0.063526,0.004937,0.996771,0,0,0,0,0,0,0,1,0,0,0
126,0.002678,1.231636,0.011262,0.087073,0.003624,0.016505,0.996059,-0.052251,0.851842,0.245511,-0.0314,-0.084763,0.006125,-0.995887,0.092367,0.8401,0.224012,-0.049194,0.063277,0.004653,0.996772,0,0,0,0,0,0,0,1,0,0,0
127,0.002662,1.230985,0.010615,0.090515,0.003349,0.015761,0.995765,-0.052017,0.851548,0.245024,-0.031515,-0.085032,0.006309,-0.99586,0.092283,0.839885,0.223661,-0.049376,0.063354,0.00576,0.996752,0,0,0,0,0,0,0,1,0,0,0
128,0.002681,1.23128,0.010422,0.091006,0.003029,0.015139,0.995731,-0.051934,0.851816,0.245232,-0.032347,-0.085264,0.006194,-0.995814,0.092163,0.839796,0.224004,-0.048427,0.063101,0.006408,0.996811,0,0,0,0,0,0,0,1,0,0,0
129,0.003079,1.230173,0.011096,0.093835,0.003619,0.013987,0.995483,-0.051893,0.851998,0.245151,-0.03237,-0.085294,0.005936,-0.995812,0.091742,0.839496,0.223824,-0.048199,0.062091,0.008539,0.99687,0,0,0,0,0,0,0,1,0,0,0
130,0.003835,1.229744,0.01077,0.096917,0.004375,0.012494,0.995204,-0.051707,0.851927,0.244847,-0.032253,-0.085637,0.00625,-0.995785,0.091869,0.839311,0.223812,-0.048775,0.062479,0.009533,0.996808,1,0,0,0,0,0,0,0,0,0,0
131,0.003732,1.231497,0.010643,0.092751,0.004068,0.013243,0.995593,-0.051552,0.852107,0.245142,-0.032772,-0.085371,0.006246,-0.995791,0.09179,0.839643,0.224058,-0.047684,0.062331,0.009148,0.996874,1,0,0,0,0,0,0,0,0,0,0
132,0.003117,1.23099,0.01066,0.092583,0.003849,0.01299,0.995613,-0.051955,0.852351,0.244748,-0.032448,-0.085388,0.00628,-0.995799,0.091233,0.839492,0.223585,-0.047495,0.062195,0.009408,0.996889,1,0,0,0,0,0,0,0,0,0,0
133,0.005083,1.230812,0.010484,0.093357,0.006836,0.01002,0.995559,-0.051374,0.851676,0.244772,-0.03247,-0.086141,0.006954,-0.995729,0.091944,0.839143,0.223994,-0.047889,0.062278,0.009885,0.99686,1,0,0,0,0,0,0,0,0,0,0
134,0.004314,1.230782,0.009459,0.093563,0.005301,0.010558,0.995543,-0.051329,0.851401,0.244454,-0.033177,-0.08605,0.007066,-0.995713,0.091483,0.839116,0.223541,-0.046838,0.062165,0.0097,0.996919,0,0,0,0,0,0,0,1,0,0,0
135,0.003275,1.230913,0.010415,0.093708,0.003631,0.010715,0.995535,-0.051667,0.851838,0.24485,-0.033033,-0.086352,0.006566,-0.995695,0.091366,0.839274,0.223917,-0.0472,0.061906,0.009943,0.996916,0,0,0,0,0,0,0,1,0,0,0
136,0.003995,1.230571,0.010206,0.095291,0.004741,0.010381,0.995384,-0.051386,0.851827,0.244513,-0.032534,-0.086399,0.00675,-0.995706,0.091593,0.839118,0.223723,-0.048162,0.062178,0.010871,0.996843,0,0,0,0,0,0,0,1,0,0,0
137,0.00396,1.230574,0.009477,0.094636,0.004494,0.012143,0.995428,-0.050878,0.851314,0.244267,-0.033568,-0.086871,0.007053,-0.995629,0.091675,0.838913,0.223582,-0.047236,0.062176,0.010449,0.996892,0,0,0,0,0,0,0,1,0,0,0
138,0.002234,1.23099,0.009932,0.093509,0.002308,0.014228,0.995514,-0.051699,0.851865,0.244634,-0.033159,-0.086643,0.006527,-0.995666,0.091246,0.838912,0.22393,-0.046828,0.06199,0.01046,0.996923,0,0,0,0,0,0,0,1,0,0,0
139,0.002425,1.229743,0.010031,0.096768,0.002041,0.013637,0.995212,-0.051221,0.851405,0.244604,-0.032633,-0.086687,0.006931,-0.995677,0.091387,0.839025,0.223588,-0.047314,0.06203,0.010931,0.996892,0,0,0,0,0,0,0,1,0,0,0
140,0.00324,1.231504,0.009579,0.094315,0.002974,0.013405,0.995448,-0.050794,0.851461,0.244586,-0.033707,-0.086955,0.00703,-0.995617,0.091887,0.839376,0.223724,-0.046784,0.062178,0.010742,0.99691,0,0,0,0,0,0,0,1,0,0,0
141,0.001656,1.2312,0.009416,0.093291,0.001376,0.014921,0.995526,-0.051273,0.852074,0.244526,-0.033192,-0.086498,0.006733,-0.995676,0.091262,0.839215,0.223686,-0.047001,0.061999,0.011222,0.996906,0,0,0,0,0,0,0,1,0,0,0
142,0.00239,1.231336,0.009347,0.093225,0.002203,0.014491,0.995537,-0.051024,0.851681,0.244633,-0.033049,-0.086851,0.00709,-0.995648,0.091792,0.838973,0.223928,-0.047317,0.062056,0.011313,0.996886,0,0,0,0,0,0,0,1,0,0,0
143,0.001786,1.231474,0.008853,0.091873,0.001359,0.015091,0.995655,-0.051306,0.851671,0.244637,-0.03319,-0.086353,0.006897,-0.995688,0.091331,0.838888,0.223922,-0.046844,0.061783,0.011289,0.996926,0,0,0,0,0,0,0,1,0,0,0
144,0.002038,1.232258,0.008889,0.090327,0.001913,0.014173,0.995809,-0.051172,0.851598,0.244581,-0.033468,-0.086979,0.006994,-0.995623,0.091451,0.839118,0.223699,-0.046608,0.061754,0.011439,0.996937,0,0,0,0,0,0,0,1,0,0,0
145,0.00193,1.230805,0.008764,0.093512,0.001105,0.013818,0.995522,-0.051187,0.851556,0.244615,-0.033436,-0.087054,0.006559,-0.995621,0.091272,0.838763,0.223639,-0.046954,0.061159,0.012309,0.996947,0,0,0,0,0,0,0,1,0,0,0
146,0.002674,1.231291,0.00951,0.093404,0.002235,0.013581,0.995533,-0.050777,0.85173,0.244715,-0.033472,-0.087424,0.006974,-0.995584,0.091404,0.838709,0.223865,-0.046984,0.060076,0.013197,0.997,1,0,0,0,0,0,0,0,0,0,0
147,0.002913,1.232597,0.008426,0.090223,0.003277,0.012815,0.995834,-0.050896,0.851522,0.244703,-0.03398,-0.087022,0.007433,-0.995599,0.091227,0.839067,0.223714,-0.047235,0.060409,0.012868,0.996972,1,0,0,0,0,0,0,0,0,0,0
148,0.002502,1.231542,0.008379,0.091027,0.002297,0.013293,0.995757,-0.050915,0.85159,0.244346,-0.033624,-0.087269,0.007169,-0.995591,0.091154,0.83866,0.223284,-0.047434,0.059892,0.013171,0.99699,1,0,0,0,0,0,0,0,0,0,0
149,0.003564,1.231164,0.008798,0.093403,0.00382,0.011484,0.995555,-0.050795,0.851373,0.244445,-0.033785,-0.087377,0.007375,-0.995575,0.091304,0.838432,0.223573,-0.047721,0.059879,0.013621,0.996971,1,0,0,0,0,0,0,0,0,0,0
150,0.003251,1.232149,0.00807,0.092012,0.003386,0.011185,0.995689,-0.050681,0.85112,0.244336,-0.034734,-0.087671,0.007274,-0.995517,0.090967,0.838616,0.223337,-0.047512,0.059663,0.014139,0.996987,0,0,0,0,0,0,0,1,0,0,0
151,0.003139,1.2314,0.008593,0.092751,0.003067,0.011989,0.995612,-0.050912,0.851634,0.244272,-0.034234,-0.087604,0.007237,-0.995541,0.090662,0.838771,0.223161,-0.048054,0.059365,0.014704,0.996971,0,0,0,0,0,0,0,1,0,0,0
152,0.003259,1.231383,0.008276,0.09254,0.003583,0.011808,0.995633,-0.050701,0.851331,0.244497,-0.034324,-0.088141,0.007557,-0.995488,0.090932,0.83825,0.223488,-0.049643,0.058856,0.015812,0.996906,0,0,0,0,0,0,0,1,0,0,0
153,0.002792,1.231848,0.007614,0.091835,0.002849,0.012744,0.995689,-0.050655,0.851153,0.244169,-0.034941,-0.087973,0.007531,-0.995481,0.09059,0.838076,0.223177,-0.049333,0.058361,0.016085,0.996946,0,0,0,0,0,0,0,1,0,0,0
154,0.00239,1.231464,0.008863,0.092786,0.002939,0.013828,0.995586,-0.050859,0.851412,0.244653,-0.034896,-0.088036,0.007335,-0.995479,0.090718,0.838262,0.223454,-0.049265,0.058183,0.016084,0.99696,0,0,0,0,0,0,0,1,0,0,0
155,0.001972,1.231635,0.008106,0.092706,0.002127,0.013562,0.995599,-0.050777,0.851569,0.244316,-0.034197,-0.087875,0.007388,-0.995517,0.090763,0.838045,0.223344,-0.049328,0.058073,0.016504,0.996956,0,0,0,0,0,0,0,1,0,0,0
156,0.002884,1.231887,0.007559,0.091118,0.003038,0.013328,0.995746,-0.050471,0.851364,0.244182,-0.035186,-0.088167,0.007681,-0.995454,0.090312,0.83813,0.223109,-0.048946,0.057206,0.016416,0.997027,0,0,0,0,0,0,0,1,0,0,0
157,0.002418,1.231555,0.008289,0.09182,0.002157,0.013396,0.995683,-0.050736,0.85139,0.244361,-0.034955,-0.088389,0.007471,-0.995445,0.090136,0.838076,0.222968,-0.048836,0.055736,0.016615,0.997112,0,0,0,0,0,0,0,1,0,0,0
158,0.002919,1.231961,0.007905,0.091768,0.003225,0.013297,0.995686,-0.050289,0.851446,0.243947,-0.034683,-0.08908,0.007822,-0.99539,0.089907,0.837744,0.222543,-0.051007,0.05368,0.019378,0.997066,0,0,0,0,0,0,0,1,0,0,0
159,0.002653,1.231436,0.008216,0.092194,0.002991,0.013968,0.995639,-0.050003,0.85144,0.244224,-0.035332,-0.089681,0.007705,-0.995314,0.089493,0.837506,0.222747,-0.051868,0.05349,0.021221,0.996995,0,0,0,0,0,0,0,1,0,0,0
160,0.002557,1.231307,0.008445,0.093787,0.003067,0.013442,0.995497,-0.049773,0.851102,0.243849,-0.035241,-0.090082,0.008328,-0.995276,0.089528,0.837227,0.222624,-0.05204,0.052943,0.021566,0.997007,0,0,0,0,0,0,0,1,0,0,0
161,0.002215,1.230583,0.008862,0.095399,0.002133,0.013325,0.995348,-0.050022,0.851165,0.24413,-0.035168,-0.089923,0.008018,-0.995295,0.089108,0.837066,0.222511,-0.053968,0.052153,0.023689,0.996898,0,0,0,0,0,0,0,1,0,0,0
162,0.002467,1.231273,0.008996,0.093984,0.003102,0.013418,0.995478,-0.05014,0.8513,0.243782,-0.035138,-0.089485,0.008205,-0.995334,0.088922,0.837361,0.221927,-0.054992,0.051927,0.024623,0.996832,1,0,0,0,0,0,0,0,0,0,0
163,0.002789,1.231779,0.008232,0.093223,0.003199,0.013582,0.995547,-0.049859,0.850687,0.244163,-0.036402,-0.089146,0.008931,-0.995313,0.088925,0.837432,0.222483,-0.054287,0.052717,0.024397,0.996834,1,0,0,0,0,0,0,0,0,0,0
164,0.002195,1.231159,0.008735,0.093473,0.002757,0.013817,0.995522,-0.050031,0.851044,0.244171,-0.035293,-0.089496,0.008433,-0.995326,0.089044,0.83708,0.222317,-0.054492,0.052021,0.024881,0.996848,1,0,0,0,0,0,0,0,0,0,0
165,0.002595,1.230957,0.008907,0.0946,0.002745,0.013114,0.995425,-0.050063,0.851114,0.244176,-0.035453,-0.089646,0.008668,-0.995305,0.089016,0.837287,0.222272,-0.055301,0.051858,0.025462,0.996797,0,0,0,0,0,0,0,1,0,0,0
166,0.001926,1.23053,0.008517,0.097049,0.001744,0.013844,0.995182,-0.050089,0.851137,0.243815,-0.035117,-0.089995,0.009049,-0.995282,0.088568,0.837024,0.221977,-0.054922,0.051612,0.025558,0.996828,0,0,0,0,0,0,0,1,0,0,0
167,0.002812,1.230942,0.008748,0.095208,0.002681,0.012781,0.995372,-0.049693,0.851049,0.244129,-0.03519,-0.090051,0.009218,-0.995273,0.089065,0.83702,0.222458,-0.056675,0.051241,0.026425,0.996727,0,0,0,0,0,0,0,1,0,0,0
168,0.002827,1.230843,0.008634,0.095681,0.003114,0.012863,0.995324,-0.049745,0.850826,0.243954,-0.034817,-0.090231,0.009349,-0.995268,0.088794,0.836898,0.222061,-0.056675,0.051261,0.026067,0.996735,0,0,0,0,0,0,0,1,0,0,0
169,0.001993,1.231027,0.00847,0.095277,0.002633,0.014254,0.995345,-0.049849,0.850993,0.243982,-0.034457,-0.090378,0.009548,-0.995266,0.088521,0.836912,0.222056,-0.056509,0.051451,0.026322,0.996728,0,0,0,0,0,0,0,1,0,0,0
170,0.001505,1.231371,0.007748,0.094183,0.001355,0.015136,0.995439,-0.049213,0.850743,0.243518,-0.035059,-0.090739,0.010095,-0.995206,0.088667,0.836725,0.222105,-0.055208,0.051474,0.025738,0.996815,0,0,0,0,0,0,0,1,0,0,0
171,0.001378,1.230991,0.008459,0.095261,0.001433,0.015004,0.995338,-0.049442,0.851099,0.243698,-0.034834,-0.090887,0.009657,-0.995205,0.088874,0.836689,0.222042,-0.055667,0.050964,0.025946,0.99681,0,0,0,0,0,0,0,1,0,0,0
172,0.001167,1.231682,0.008052,0.09338,0.001002,0.015148,0.995515,-0.049603,0.851186,0.243908,-0.034337,-0.09104,0.009864,-0.995206,0.088672,0.836872,0.222263,-0.055946,0.05107,0.02652,0.996774,0,0,0,0,0,0,0,1,0,0,0
173,0.001515,1.231195,0.007822,0.094199,0.001317,0.015623,0.99543,-0.049076,0.850568,0.243744,-0.035459,-0.091623,0.010172,-0.99511,0.088683,0.836833,0.222059,-0.054981,0.051043,0.026064,0.996841,0,0,0,0,0,0,0,1,0,0,0
174,0.000774,1.231366,0.008084,0.094171,0.001042,0.016163,0.995424,-0.049496,0.850903,0.243811,-0.034949,-0.091824,0.009929,-0.995112,0.088294,0.836862,0.221957,-0.054278,0.050534,0.025872,0.996911,0,0,0,0,0,0,0,1,0,0,0
175,0.001313,1.232295,0.007604,0.092077,0.000772,0.015589,0.99563,-0.049464,0.850929,0.243877,-0.034591,-0.091103,0.010035,-0.99519,0.088467,0.837124,0.22174,-0.055753,0.049918,0.026642,0.99684,0,0,0,0,0,0,0,1,0,0,0
176,0.001154,1.231351,0.008037,0.09331,0.000509,0.015507,0.995516,-0.049342,0.85088,0.243809,-0.034536,-0.091525,0.010332,-0.99515,0.088185,0.836787,0.221765,-0.055255,0.049351,0.027115,0.996883,0,0,0,0,0,0,0,1,0,0,0
177,0.001398,1.232013,0.006683,0.09273,0.001067,0.015856,0.995565,-0.049103,0.850515,0.243697,-0.035293,-0.091596,0.010976,-0.99511,0.088191,0.836778,0.221887,-0.054833,0.049856,0.027214,0.996879,1,0,0,0,0,0,0,0,0,0,0
178,0.001444,1.231461,0.008101,0.094456,0.001127,0.015482,0.995408,-0.049132,0.850753,0.243532,-0.034778,-0.092126,0.010734,-0.995082,0.088184,0.836815,0.22165,-0.055037,0.049209,0.027465,0.996893,1,0,0,0,0,0,0,0,0,0,0
179,0.001141,1.231943,0.007568,0.092825,0.000769,0.015941,0.995554,-0.049099,0.850817,0.243634,-0.034394,-0.092301,0.01105,-0.995076,0.082506,0.836075,0.219048,-0.046402,0.043338,0.042115,0.997093,1,0,0,0,0,0,0,0,0,0,1
180,0.000648,1.229015,0.007978,0.100928,-0.000454,0.015587,0.994772,-0.04948,0.850638,0.243502,-0.033854,-0.091311,0.010905,-0.995187,0.086735,0.838568,0.2212,-0.036498,0.051515,0.016442,0.99787,1,0,0,0,0,0,0,0,0,0,1
181,-0.000704,1.235349,0.006811,0.080029,-0.020831,-0.006566,0.996553,-0.033744,0.852926,0.229409,0.05258,-0.117558,0.134487,-0.982511,0.087132,0.841477,0.210053,-0.048048,-0.065428,0.000916,0.996699,0,0,0,0,0,0,0,1,0,0,1
182,0.054142,1.237993,0.003223,0.018442,-0.015523,-0.187922,0.981888,-0.042325,0.891468,0.053704,0.056067,-0.421451,0.104173,-0.899102,0.044415,0.819793,0.114593,0.099645,-0.301775,0.04294,0.947185,0,0,0,0,0,0,0,1,0,0,1
183,0.045744,1.234685,-0.005983,0.044102,0.017194,-0.138826,0.989185,-0.021999,0.901394,0.034826,0.069165,-0.43891,0.028881,-0.8954,-0.009787,0.82239,0.084136,0.078248,-0.336029,0.079785,0.935199,0,0,0,0,0,0,0,1,0,0,1
184,0.043379,1.2439,-0.019649,0.029175,0.046814,-0.108505,0.992564,0.114819,0.868058,0.026699,-0.040327,-0.638649,0.204851,-0.740633,-0.095365,0.805829,0.080071,-0.023186,-0.556257,0.175526,0.811931,0,0,0,0,0,0,0,0,0,1,1
185,-0.000666,1.235294,0.008727,0.057968,0.005786,-0.019904,0.998103,0.168726,0.836431,-0.018839,0.111937,-0.697356,0.441236,-0.553602,-0.162741,0.830087,-0.00823,-0.076879,-0.679978,0.169608,0.709191,0,0,0,0,0,0,0,0,0,1,1
186,-0.008196,1.221066,0.019282,0.115492,0.005443,-0.015601,0.993171,0.170774,0.83966,-0.02173,0.116093,-0.70484,0.421793,-0.558403,-0.177236,0.834386,-0.036529,-0.006097,-0.664962,0.171251,0.726953,0,0,0,0,0,0,0,0,0,1,1
187,0.01207,1.205059,0.011879,0.175059,0.032297,-0.036729,0.983342,-0.110102,1.104899,0.044131,0.531474,-0.120579,-0.020222,-0.838205,0.159102,1.134372,0.037408,-0.518674,-0.089711,-0.164935,0.834102,0,0,0,0,0,0,0,1,0,0,1
188,-0.010519,1.1695,0.029354,0.277603,-0.018138,0.031146,0.96002,-0.12311,1.292938,-0.059988,0.775691,-0.259138,-0.054801,-0.572841,0.105244,1.293716,-0.06248,-0.717706,-0.320541,0.011411,0.618079,0,0,0,0,0,0,0,1,0,0,1
189,-0.005559,1.188586,0.013195,0.219398,-0.005662,0.044339,0.974611,-0.12317,1.294369,-0.054717,0.803845,-0.260831,-0.025201,-0.534009,0.115505,1.294359,-0.08263,-0.742655,-0.343911,0.044254,0.572914,0,0,1,0,0,0,0,0,0,0,1
190,-0.013679,1.181354,0.024017,0.232734,-0.027411,0.033997,0.97156,-0.111078,1.294306,-0.052903,0.799088,-0.237272,-0.012493,-0.552271,0.109192,1.292675,-0.086968,-0.742186,-0.31411,-0.001278,0.592025,0,0,1,0,0,0,0,0,0,0,1
191,-0.006842,1.192102,0.016199,0.206531,-0.017875,0.026691,0.977913,-0.117279,1.291307,-0.072588,0.822444,-0.212779,-0.017493,-0.527261,0.115992,1.298739,-0.114425,-0.76436,-0.28133,0.001358,0.580177,0,0,1,0,0,0,0,0,0,0,1
192,-0.013543,1.233993,0.00224,0.076347,-0.003741,0.016903,0.996931,-0.137906,1.231017,-0.00984,0.759913,0.029322,-0.161724,-0.628903,0.149453,1.250599,0.02053,-0.637221,-0.167014,-0.355074,0.663308,0,0,0,0,0,0,0,1,0,0,1
193,-0.003559,1.230273,0.01218,0.084091,-0.003025,0.009072,0.996412,-0.135917,1.226087,0.005316,0.719043,0.091963,-0.228917,-0.649706,0.13361,1.240985,0.039941,-0.573877,-0.1055,-0.440951,0.681981,1,0,0,0,0,0,0,0,0,0,0
194,-0.00177,1.229783,0.016845,0.089052,-0.001579,-0.007835,0.995995,-0.129423,1.227087,0.003034,0.72505,0.121514,-0.20045,-0.647578,0.134898,1.239567,0.050748,-0.560982,-0.107539,-0.447987,0.687781,1,0,0,0,0,0,0,0,0,0,0
195,0.014101,1.216365,0.013902,0.124217,0.044054,-0.067939,0.988946,0.103248,1.167725,-0.03129,0.804189,-0.005287,0.392599,-0.446226,-0.109782,1.198369,-0.020503,-0.591182,-0.313948,0.269635,0.69227,1,0,0,0,0,0,0,0,0,0,0
196,0.005906,1.211736,0.012995,0.154718,0.038698,-0.042059,0.986304,0.091978,1.164818,-0.044254,0.814799,0.010851,0.383525,-0.434619,-0.122702,1.191386,-0.00806,-0.542593,-0.324536,0.284318,0.720716,1,0,0,0,0,0,0,0,0,0,0
197,-0.018414,1.20652,0.017383,0.181789,-0.013286,0.026972,0.982878,-0.142498,1.192442,-0.02005,0.791076,0.05178,-0.034576,-0.608542,0.180543,1.153896,-0.042792,-0.735673,-0.029709,-0.285485,0.613516,0,0,0,0,0,0,0,1,0,0,0
198,-0.019974,1.209196,0.020688,0.175182,-0.017867,0.020585,0.984159,-0.154819,1.203581,-0.024158,0.796542,0.082505,-0.080741,-0.59346,0.18335,1.143318,-0.035269,-0.719652,-0.004383,-0.307328,0.622601,0,0,0,0,0,0,0,1,0,0,0
199,-0.015418,1.263194,0.006617,-0.042627,-0.007205,-0.012246,0.99899,-0.129124,1.082233,-0.002012,0.575094,-0.211303,0.045549,-0.789014,0.028428,1.176128,0.031954,-0.503629,-0.405935,-0.061053,0.760162,0,0,0,0,0,0,0,1,0,0,0
200,0.016817,1.265418,-0.026849,-0.039789,0.075002,-0.026699,0.996031,-0.061299,0.997733,-0.005896,0.243301,-0.502217,-0.134103,-0.818901,0.034774,0.993736,-0.002384,-0.178681,-0.515832,-0.088096,0.833204,0,0,0,0,0,0,0,1,0,0,0
201,-0.007797,1.265121,-0.010537,-0.038652,0.04311,0.045717,0.997275,-0.062829,0.804383,0.105608,0.030819,-0.230215,0.383709,-0.893767,0.041657,0.81746,0.110089,-0.034388,-0.192528,0.268276,0.943281,0,0,0,0,0,0,0,1,0,0,0
202,-0.013533,1.255223,-0.005117,0.00234,0.017762,0.040565,0.999016,-0.059384,0.808271,0.101513,0.039457,-0.221456,0.366467,-0.90283,0.039278,0.817526,0.105322,-0.032814,-0.182491,0.278645,0.942325,1,0,0,0,0,0,0,0,0,0,0
203,0.009207,1.273309,-0.022918,-0.065995,0.00846,-0.006138,0.997765,-0.129751,0.794817,0.169446,-0.019173,-0.056498,0.415297,-0.907727,0.192206,0.830543,0.222147,0.033276,0.032127,0.190615,0.980575,1,0,0,0,0,0,0,0,0,0,0
204,0.01572,1.266123,-0.019013,-0.040876,0.047102,0.00385,0.998046,-0.149372,0.822931,0.181241,0.047475,0.048626,0.338014,-0.938684,0.199453,0.830193,0.233959,0.034318,0.04971,0.11897,0.991059,0,0,0,0,0,0,0,0,0,1,0
205,0.009745,1.270807,-0.0221,-0.059007,0.0375,0.007989,0.997521,-0.141695,0.824617,0.175364,0.063765,0.019163,0.333498,-0.940397,0.192551,0.827422,0.229817,0.018788,0.025066,0.141485,0.989445,0,0,0,0,0,0,0,1,0,0,0
206,0.006197,1.270583,-0.037853,-0.049613,0.02962,0.007914,0.998298,-0.135664,0.824639,0.174024,0.065889,0.00886,0.33546,-0.939706,0.192682,0.827385,0.230804,0.020345,0.025518,0.136049,0.990164,1,0,0,0,0,0,0,0,0,0,0
207,0.012407,1.260854,-0.028066,-0.014714,0.039117,-0.014656,0.999019,-0.137009,0.824554,0.173929,0.063143,0.007697,0.336155,-0.939656,0.187837,0.826635,0.230941,0.017649,0.013146,0.151889,0.988153,1,0,0,0,0,0,0,0,0,0,0
208,0.014451,1.254782,-0.031372,0.013333,0.036033,-0.024521,0.998961,-0.135435,0.821855,0.173662,0.054314,0.002179,0.33346,-0.941196,0.186484,0.82734,0.22954,0.01795,0.008354,0.149939,0.988497,0,0,0,0,0,0,0,1,0,0,0
209,0.020712,1.252477,-0.024762,0.021144,0.047886,-0.03905,0.997865,-0.133337,0.820479,0.172746,0.053675,-0.008498,0.340749,-0.938582,0.186802,0.825953,0.230565,0.017542,0.004878,0.154293,0.987857,1,0,0,0,0,0,0,0,0,0,0
210,0.005759,1.251799,-0.016773,0.023094,0.014121,-0.026811,0.999274,-0.13391,0.821913,0.171012,0.055825,-0.015762,0.337729,-0.939454,0.186037,0.8248,0.230258,0.015939,0.003402,0.156868,0.987485,1,0,0,0,0,0,0,0,0,0,0
211,0.011353,1.25337,-0.023759,0.020674,0.017143,-0.033617,0.999074,-0.129533,0.818587,0.171072,0.049057,-0.022147,0.345747,-0.936783,0.187536,0.825367,0.231113,0.018879,0.004453,0.151329,0.988293,1,0,0,0,0,0,0,0,0,0,0
212,0.00913,1.247044,-0.015258,0.03991,0.015171,-0.03112,0.998603,-0.130874,0.81873,0.170909,0.053835,-0.020728,0.346912,-0.936122,0.186803,0.825217,0.230335,0.01784,0.002886,0.154136,0.987884,1,0,0,0,0,0,0,0,0,0,0
213,0.0074,1.247261,-0.020121,0.042274,0.012651,-0.028591,0.998617,-0.132536,0.820311,0.171648,0.058688,-0.014935,0.342475,-0.937573,0.186186,0.824592,0.229907,0.016262,0.001877,0.155867,0.987642,1,0,0,0,0,0,0,0,0,0,0
214,0.00708,1.250969,-0.024297,0.030747,0.011601,-0.025951,0.999123,-0.130843,0.820712,0.17104,0.059988,-0.018499,0.34481,-0.936571,0.186028,0.824803,0.230281,0.016651,0.000502,0.156417,0.987551,0,0,0,0,0,0,0,1,0,0,0
215,0.009493,1.244481,-0.012582,0.050219,0.025151,-0.024832,0.998113,-0.131985,0.822322,0.169514,0.061352,-0.021606,0.342961,-0.937095,0.185302,0.8242,0.229428,0.014564,-0.002144,0.161182,0.986815,0,0,0,0,0,0,0,1,0,0,0
216,-0.000907,1.247489,-0.016102,0.043791,0.008719,-0.001302,0.999002,-0.129018,0.819761,0.16851,0.049028,-0.035536,0.344456,-0.936848,0.185683,0.824423,0.229314,0.017355,-0.006901,0.15603,0.987576,1,0,0,0,0,0,0,0,0,0,0
217,0.005282,1.245879,-0.011,0.047484,0.01766,-0.014695,0.998608,-0.128271,0.819561,0.168473,0.049681,-0.037619,0.347594,-0.935572,0.184838,0.824504,0.229192,0.013625,-0.007337,0.163054,0.986496,0,0,0,0,0,0,0,1,0,0,0
218,0.004351,1.237883,-0.003591,0.070004,0.018128,-0.017949,0.997221,-0.128968,0.819407,0.167347,0.052856,-0.038225,0.351712,-0.933833,0.184045,0.823383,0.228908,0.012914,-0.003381,0.168185,0.985665,0,0,0,0,0,0,0,1,0,0,0
219,0.033599,1.233754,0.056569,0.106368,0.016187,-0.061858,0.992269,-0.138878,0.814802,0.184571,0.001972,0.005006,0.320374,-0.947276,0.194956,0.830668,0.229431,0.017884,0.017231,0.127958,0.991469,0,0,0,0,0,0,0,1,0,0,0
220,-0.040003,1.2722,0.202561,0.205707,0.081143,0.024226,0.974943,-0.064642,0.812296,0.25907,-0.083136,-0.063452,0.121678,-0.987045,0.177245,0.841745,0.204479,-0.206699,0.116592,0.335263,0.911746,0,0,0,0,0,0,0,1,0,0,0
221,0.09156,1.295367,-0.024471,0.062745,0.4389,-0.041893,0.895363,-0.034288,0.838374,0.207626,0.000566,-0.108393,0.14513,-0.983457,0.196218,0.857711,0.191481,-0.186819,0.132226,0.214063,0.949628,0,0,0,0,0,0,0,1,0,0,0
222,-0.005097,1.297291,0.009958,0.039485,-0.042365,-0.021485,0.998091,-0.047313,0.831426,0.217874,0.01741,-0.078907,0.209726,-0.974416,0.191555,0.854781,0.197106,-0.169059,0.114841,0.203204,0.957569,0,0,0,0,0,0,0,0,1,0,0
223,-0.005279,1.280333,0.023363,0.089861,-0.175561,-0.055841,0.978767,-0.050032,0.812968,0.22092,-0.000985,-0.067419,0.241672,-0.968013,0.190055,0.846848,0.209456,-0.136631,0.12911,0.206851,0.960143,0,0,0,0,0,0,0,0,1,0,0
224,-0.060695,1.257934,0.022102,0.156347,-0.239183,0.02779,0.957901,-0.046264,0.81341,0.221557,-0.002487,-0.08117,0.25542,-0.963414,0.188551,0.844414,0.211865,-0.132577,0.128927,0.222635,0.957202,0,0,0,0,0,0,0,0,1,0,0
225,-0.01281,1.269677,0.034599,0.110322,-0.023655,0.027619,0.99323,-0.039397,0.81905,0.21298,0.019725,-0.100718,0.278464,-0.954947,0.186059,0.841393,0.212653,-0.13546,0.129582,0.239417,0.952648,1,0,0,0,0,0,0,0,0,0,0
226,-0.088164,1.285731,-0.016079,0.030268,-0.332336,0.060758,0.940715,0.005826,0.790642,0.172625,0.117124,-0.20919,0.375216,-0.895396,0.163449,0.84565,0.194568,-0.12814,0.016453,0.225885,0.965549,1,0,0,0,0,0,0,0,0,0,0
227,-0.081068,1.283605,-0.021379,0.033404,-0.430426,0.016768,0.901852,-0.413136,0.600847,0.066928,-0.249558,0.346812,0.161326,-0.889616,0.113078,0.817072,0.136565,-0.107892,-0.089091,0.22623,0.963972,1,0,0,0,0,0,0,0,0,0,0
228,-0.045748,1.262428,0.029751,0.096335,-0.315498,-0.02436,0.943709,-0.253546,0.869414,0.191793,0.096961,0.167054,0.127653,-0.972829,0.071391,0.752596,0.136011,-0.119141,-0.090616,0.418952,0.895585,0,0,0,1,0,0,0,0,0,0,0
229,-0.028826,1.260994,0.029434,0.117212,-0.20965,0.006992,0.970701,-0.046396,0.761245,0.140811,0.067356,-0.291719,0.472208,-0.829086,0.067649,0.75002,0.137244,-0.107065,-0.098713,0.427271,0.892319,0,0,0,1,0,0,0,0,0,0,0
230,0.009251,1.259622,0.047846,0.117849,-0.093614,-0.018929,0.988428,-0.045434,0.762191,0.138999,0.080618,-0.295973,0.482346,-0.820514,0.064178,0.748337,0.135386,-0.122366,-0.108181,0.451848,0.877016,0,0,0,0,0,0,0,0,1,0,0
231,0.037827,1.25887,0.047043,0.120941,0.006289,-0.01608,0.99251,-0.04564,0.758091,0.13906,0.079833,-0.296238,0.482839,-0.820205,0.062316,0.74731,0.134001,-0.126329,-0.1127,0.460173,0.871539,0,0,0,0,0,0,0,0,1,0,0
232,0.03291,1.260988,0.04566,0.11405,0.002136,-0.00439,0.993463,-0.046135,0.756677,0.139081,0.079175,-0.296523,0.482831,-0.820171,0.061499,0.746337,0.133958,-0.126504,-0.114847,0.464928,0.868705,1,0,0,0,0,0,0,0,0,0,0
233,0.032625,1.256103,0.046153,0.131051,0.001096,-0.011194,0.991312,-0.046541,0.756035,0.139304,0.072174,-0.297299,0.47994,-0.82223,0.061143,0.744932,0.133718,-0.126954,-0.116394,0.466434,0.867626,0,0,0,0,0,0,0,1,0,0,0
234,0.033789,1.252105,0.049785,0.146548,0.004678,-0.018655,0.989017,-0.046583,0.755971,0.139274,0.073977,-0.300622,0.475802,-0.823266,0.060517,0.744333,0.134046,-0.125397,-0.118548,0.469766,0.865761,0,0,0,0,0,0,0,1,0,0,0
235,0.031345,1.251889,0.050872,0.146522,0.000579,-0.012911,0.989123,-0.046927,0.756149,0.139488,0.073067,-0.298316,0.479142,-0.822248,0.060097,0.744338,0.133842,-0.126838,-0.119128,0.471366,0.864601,0,0,0,0,0,0,0,1,0,0,0
236,0.031357,1.251244,0.051203,0.148189,0.002182,-0.010078,0.988905,-0.046309,0.755717,0.139022,0.07402,-0.299523,0.479605,-0.821454,0.06062,0.744347,0.133752,-0.126771,-0.119223,0.472025,0.864238,0,0,1,0,0,0,0,0,0,0,0
237,0.027161,1.259093,0.046552,0.123944,-0.00584,-0.002421,0.992269,-0.046643,0.755703,0.138843,0.075336,-0.298493,0.480149,-0.821391,0.059793,0.743586,0.133091,-0.129356,-0.120751,0.477598,0.860573,0,0,0,0,0,0,0,1,0,0,0
238,0.022707,1.261147,0.044886,0.118665,-0.01394,0.000865,0.992836,-0.047152,0.755852,0.13888,0.073286,-0.298653,0.479277,-0.822028,0.059361,0.742958,0.13272,-0.130148,-0.121577,0.48001,0.858994,0,0,0,0,0,0,0,1,0,0,0
239,0.017038,1.263023,0.046827,0.108881,-0.038372,-0.01254,0.993235,-0.04805,0.755963,0.139295,0.070542,-0.298408,0.477563,-0.823353,0.056751,0.739021,0.131046,-0.147003,-0.128276,0.503161,0.841881,0,0,0,0,0,0,0,1,0,0,0
240,0.015183,1.260696,0.046902,0.117114,-0.050589,-0.007126,0.991804,-0.047638,0.755773,0.14041,0.068056,-0.296911,0.47672,-0.824591,0.049955,0.736008,0.121226,-0.184819,-0.171199,0.519567,0.816445,1,0,0,0,0,0,0,0,0,0,0
241,0.015607,1.266124,0.043156,0.098169,-0.060157,-0.008699,0.993312,-0.047313,0.755292,0.140229,0.064124,-0.297615,0.472169,-0.827267,0.047455,0.739075,0.113583,-0.199235,-0.20546,0.499144,0.817892,1,0,0,0,0,0,0,0,0,0,0
242,0.012046,1.267096,0.04296,0.094027,-0.086496,-0.033065,0.991254,-0.047144,0.755307,0.14024,0.06202,-0.297488,0.473719,-0.826586,0.04617,0.740517,0.113534,-0.210284,-0.197923,0.497299,0.818108,1,0,0,0,0,0,0,0,0,0,0
243,0.036566,1.261673,0.043997,0.110306,-0.022354,-0.049107,0.992432,-0.046375,0.754952,0.140982,0.058711,-0.298618,0.469784,-0.828664,0.046609,0.741218,0.11423,-0.205656,-0.197158,0.499035,0.818412,1,0,0,0,0,0,0,0,0,0,0
244,0.027195,1.260251,0.039366,0.122666,-0.038683,-0.039532,0.990906,-0.04751,0.755476,0.139704,0.062386,-0.298795,0.47274,-0.826648,0.046037,0.741526,0.114652,-0.198301,-0.197796,0.498474,0.820413,1,0,0,0,0,0,0,0,0,0,0
245,0.015089,1.269948,0.031891,0.093208,-0.069183,-0.025433,0.992915,-0.047148,0.755321,0.139507,0.065351,-0.298089,0.475941,-0.824835,0.046081,0.740962,0.11478,-0.199699,-0.197346,0.500474,0.818963,0,0,0,0,0,0,0,1,0,0,0
246,0.024238,1.26777,0.035299,0.097854,-0.046228,-0.030164,0.993669,-0.046736,0.755355,0.140091,0.063309,-0.298079,0.475284,-0.825376,0.046438,0.740876,0.115169,-0.20093,-0.196284,0.502057,0.817948,0,0,0,0,0,0,0,1,0,0,0
247,0.026886,1.267122,0.035844,0.10078,-0.04072,-0.036143,0.993418,-0.046623,0.756078,0.139709,0.063461,-0.297805,0.475517,-0.825329,0.046151,0.740914,0.114616,-0.20324,-0.197092,0.502867,0.816684,1,0,0,0,0,0,0,0,0,0,0
248,0.018345,1.267963,0.036366,0.099963,-0.048201,-0.016806,0.993681,-0.047482,0.757468,0.139755,0.062495,-0.297985,0.474725,-0.825794,0.045065,0.741051,0.115196,-0.203272,-0.193782,0.502576,0.817647,0,0,0,0,0,0,0,1,0,0,0
249,0.022621,1.265482,0.037745,0.106152,-0.038866,-0.023756,0.993306,-0.047316,0.75659,0.139663,0.063386,-0.298107,0.476102,-0.824889,0.045221,0.741281,0.114994,-0.203614,-0.194806,0.502239,0.817526,0,0,0,0,0,0,0,1,0,0,0
250,0.024303,1.266646,0.03758,0.10294,-0.037507,-0.026343,0.993631,-0.047646,0.75634,0.139658,0.062348,-0.297695,0.475667,-0.825368,0.044889,0.741247,0.114769,-0.205829,-0.194611,0.502933,0.81659,0,0,0,0,0,0,0,1,0,0,0
251,0.026386,1.265778,0.037973,0.104758,-0.033459,-0.030403,0.99347,-0.047182,0.755283,0.140647,0.054977,-0.29702,0.476168,-0.825846,0.045909,0.741125,0.115275,-0.204483,-0.194867,0.50412,0.816135,0,0,0,0,0,0,0,1,0,0,0
252,0.029612,1.265897,0.038967,0.101585,-0.025518,-0.029207,0.994071,-0.047017,0.756303,0.140382,0.052646,-0.296709,0.475084,-0.826733,0.045851,0.741106,0.114647,-0.205459,-0.195801,0.504058,0.815705,0,0,0,0,0,0,0,1,0,0,0
253,0.024628,1.265622,0.038571,0.104607,-0.034575,-0.020704,0.993697,-0.047578,0.755409,0.140473,0.053406,-0.297585,0.474585,-0.826656,0.045623,0.740859,0.114805,-0.204667,-0.195436,0.504245,0.815875,0,0,0,0,0,0,0,1,0,0,0
254,0.024614,1.265316,0.038013,0.105743,-0.035088,-0.02163,0.993539,-0.047537,0.755112,0.140519,0.054013,-0.297109,0.47553,-0.826245,0.045642,0.741153,0.114937,-0.205329,-0.195976,0.503528,0.816023,0,0,0,0,0,0,0,1,0,0,0
255,0.018868,1.266161,0.03594,0.103983,-0.043492,-0.015577,0.993506,-0.047953,0.754677,0.13984,0.054614,-0.297458,0.476236,-0.825673,0.047107,0.747098,0.121864,-0.165186,-0.174468,0.453625,0.858195,0,0,0,0,0,0,0,1,0,0,0
256,0.025677,1.264004,0.038705,0.110745,-0.031826,-0.024396,0.99304,-0.047199,0.75455,0.140452,0.053525,-0.297645,0.474907,-0.826441,0.045603,0.743749,0.118695,-0.181015,-0.186976,0.478797,0.838467,1,0,0,0,0,0,0,0,0,0,0
257,0.028032,1.26752,0.039433,0.096902,-0.028799,-0.029273,0.994447,-0.047561,0.755205,0.140501,0.052898,-0.297685,0.47408,-0.826942,0.044942,0.74357,0.118356,-0.182637,-0.187517,0.480246,0.837165,1,0,0,0,0,0,0,0,0,0,0
258,0.023207,1.269035,0.037983,0.088123,-0.042993,-0.023369,0.994907,-0.047051,0.754894,0.140973,0.053276,-0.297834,0.474822,-0.826439,0.045498,0.7434,0.118495,-0.183884,-0.188213,0.484374,0.834353,1,0,0,0,0,0,0,0,0,0,0
259,0.019345,1.254669,0.04389,0.13255,-0.044593,-0.010545,0.990117,-0.046516,0.754804,0.140052,0.054153,-0.297448,0.476438,-0.82559,0.045971,0.742743,0.117862,-0.18577,-0.187432,0.484953,0.833774,1,0,0,0,0,0,0,0,0,0,0
260,-0.001776,1.251563,0.042041,0.156401,-0.090275,0.011139,0.983496,-0.048412,0.754704,0.140597,0.053876,-0.29778,0.477067,-0.825125,0.043692,0.742413,0.118727,-0.185797,-0.188265,0.483318,0.834529,1,0,0,0,0,0,0,0,0,0,0
261,-0.001923,1.273351,0.031345,0.077322,-0.079602,0.027147,0.993452,-0.0473,0.754652,0.140295,0.055105,-0.299209,0.479394,-0.823176,0.045425,0.741513,0.119483,-0.18461,-0.185634,0.486844,0.833332,0,0,0,0,0,0,0,1,0,0,0
262,0.030473,1.269699,0.03238,0.091168,-0.022395,-0.038474,0.99484,-0.046988,0.755559,0.139855,0.055491,-0.298866,0.477278,-0.824503,0.044951,0.741501,0.117893,-0.190512,-0.18731,0.490326,0.829578,1,0,0,0,0,0,0,0,0,0,0
263,0.04159,1.270131,0.03113,0.089989,-0.012554,-0.101003,0.990728,-0.048221,0.756341,0.139696,0.0498,-0.292791,0.468349,-0.832131,0.044754,0.741946,0.116885,-0.19058,-0.189971,0.487491,0.830628,0,0,0,0,0,0,0,0,1,0,0
264,-0.036996,1.250116,0.038937,0.15004,-0.047081,0.117257,0.980573,-0.17389,1.070281,0.111366,0.388412,0.013503,-0.012293,-0.921305,0.140467,1.053712,0.15354,-0.197528,0.105419,-0.067303,0.972286,0,0,0,0,0,0,0,1,0,0,0
265,-0.012588,1.180995,0.040607,0.354558,0.015273,-0.001796,0.934908,-0.138637,1.30708,-0.102077,0.799711,-0.140059,0.140251,-0.566724,0.110543,1.330751,-0.123507,-0.753184,-0.060205,0.151115,0.63738,0,0,0,0,0,0,0,1,0,0,0
266,-0.013598,1.157152,0.044104,0.408072,0.018014,0.010817,0.912708,-0.090756,1.296139,-0.117154,0.629084,-0.433036,0.249958,-0.595192,0.056567,1.290131,-0.148615,-0.708956,-0.229446,0.365171,0.558019,0,0,1,0,0,0,0,0,0,0,0
267,0.007291,1.269308,-0.010095,0.10501,0.02343,-0.026912,0.993831,-0.137638,1.328354,-0.100383,0.821068,-0.115281,0.023152,-0.558589,0.151501,1.378763,-0.210967,-0.789224,0.092981,0.036239,0.605943,0,0,0,0,0,0,0,1,0,0,0
268,0.003015,1.287386,-0.024288,0.050938,0.041948,0.01442,0.997716,-0.155831,1.307785,-0.055905,0.828709,-0.02618,-0.025627,-0.55848,0.162103,1.332929,-0.104883,-0.746892,0.122031,-0.047966,0.65189,0,0,0,0,0,0,0,1,0,0,0
269,-0.000315,1.286744,0.011956,0.02325,0.034356,-0.011058,0.999078,-0.161187,1.289289,-0.022946,0.758802,-0.100948,-0.127424,-0.630707,0.232676,1.302219,-0.048814,-0.700557,0.21433,-0.212855,0.64651,0,0,0,0,0,0,0,1,0,0,0
270,0.019097,1.344748,0.059249,0.000839,0.094537,0.021043,0.995299,-0.169671,1.338498,0.031084,0.738639,-0.186393,-0.204874,-0.614571,0.247415,1.337113,-0.021945,-0.75105,0.206141,-0.23283,0.582426,1,0,0,0,0,0,0,0,0,0,0
271,0.009323,1.339535,0.042979,0.193651,0.049261,0.045769,0.978764,-0.164383,1.319885,0.017049,0.66634,-0.153839,-0.255506,-0.683404,0.247869,1.390662,0.006633,-0.624374,0.216611,-0.232453,0.713584,1,0,0,0,0,0,0,0,0,0,0
272,-0.004317,1.343177,0.004108,-0.098352,0.042092,0.05486,0.992746,-0.168003,1.309699,-0.024267,0.837962,-0.168553,-0.240375,-0.460032,0.247151,1.31707,-0.047916,-0.758318,0.153855,-0.289327,0.563535,1,0,0,0,0,0,0,0,0,0,0
273,-0.004583,1.246547,0.07176,0.228749,0.007373,-0.06177,0.971496,-0.161045,1.259511,0.035636,0.677304,-0.089378,-0.265166,-0.68041,0.085834,1.130095,0.139544,-0.060432,0.094208,-0.101673,0.988502,1,0,0,0,0,0,0,0,0,0,0
274,-0.002098,1.249292,0.041256,0.217333,-0.013185,-0.043279,0.975049,-0.155679,1.267274,0.018935,0.692542,-0.084077,-0.267845,-0.664512,0.081801,1.067288,0.178918,0.028592,0.081521,0.048826,0.995064,1,0,0,0,0,0,0,0,0,0,0
275,0.0046,1.296983,0.011478,0.068327,-0.00774,-0.057977,0.995947,0.0,0.0,0.0,0.0,0.0,0.0,0.0,0.0,0.0,0.0,0.0,0.0,0.0,0.0,0,0,0,0,0,0,0,1,0,0,0
276,0.023766,1.317702,-0.026421,-0.024353,0.034344,-0.053839,0.997662,0.0,0.0,0.0,0.0,0.0,0.0,0.0,0.0,0.0,0.0,0.0,0.0,0.0,0.0,0,0,0,0,0,0,0,1,0,0,0
277,-0.012469,1.303674,-0.002916,0.04714,-0.006444,0.001878,0.998866,0.0,0.0,0.0,0.0,0.0,0.0,0.0,0.0,0.0,0.0,0.0,0.0,0.0,0.0,0,0,0,0,0,0,0,1,0,0,0
278,-0.004513,1.211622,0.008609,0.102996,0.039784,0.026274,0.993538,0.0,0.0,0.0,0.0,0.0,0.0,0.0,0.0,0.0,0.0,0.0,0.0,0.0,0.0,1,0,0,0,0,0,0,0,0,0,0
279,0.023029,1.241035,-0.02473,-0.031047,0.097837,0.019216,0.994532,-0.114409,1.221191,-0.024259,0.802849,-0.343657,-0.28907,-0.392139,0.179601,1.066919,0.209158,-0.107638,0.201585,0.016246,0.973403,0,0,0,0,0,0,0,1,0,0,0
280,-0.056513,1.182676,0.034219,0.120337,-0.094829,0.073958,0.985422,-0.187743,1.182814,-0.034465,0.798565,-0.188244,-0.188188,-0.539854,-0.021412,0.936887,0.28276,0.027072,-0.053308,0.065412,0.996066,0,0,0,0,0,0,0,1,0,0,0
281,-0.045603,1.172313,0.034038,0.170082,-0.098222,0.048248,0.979335,0.0,0.0,0.0,0.0,0.0,0.0,0.0,0.0,0.0,0.0,0.0,0.0,0.0,0.0,0,0,0,0,0,0,0,1,0,0,0
282,-0.05383,1.1803,0.030126,0.144041,-0.125181,0.048511,0.980423,0.0,0.0,0.0,0.0,0.0,0.0,0.0,0.0,0.0,0.0,0.0,0.0,0.0,0.0,0,0,0,0,0,0,0,1,0,0,0
